Sample	GCA_000196835.1_ASM19683v1_fai-gene-cluster-1	GCA_000220945.1_ASM22094v1_fai-gene-cluster-1	GCA_000282715.1_ASM28271v1_fai-gene-cluster-1	GCA_000384275.1_ASM38427v1_fai-gene-cluster-1	GCA_000454025.1_ASM45402v1_fai-gene-cluster-1	GCA_000695625.1_ASM69562v1_fai-gene-cluster-1	GCA_000696405.1_ASM69640v1_fai-gene-cluster-1	GCA_000700945.1_ASM70094v1_fai-gene-cluster-1	GCA_000716785.1_ASM71678v1_fai-gene-cluster-1	GCA_001013905.1_sleC34_fai-gene-cluster-1	GCA_001514035.1_ASM151403v1_fai-gene-cluster-1	GCA_001660045.1_ASM166004v1_fai-gene-cluster-1	GCA_001742805.1_ASM174280v1_fai-gene-cluster-1	GCA_001746425.1_ASM174642v1_fai-gene-cluster-1	GCA_004364395.1_ASM436439v1_fai-gene-cluster-1	GCA_004794975.1_ASM479497v1_fai-gene-cluster-1	GCA_011765705.1_ASM1176570v1_fai-gene-cluster-1	GCA_011765725.1_ASM1176572v1_fai-gene-cluster-1	GCA_011765735.1_ASM1176573v1_fai-gene-cluster-1	GCA_013364075.1_ASM1336407v1_fai-gene-cluster-1	GCA_014203355.1_ASM1420335v1_fai-gene-cluster-1	GCA_014648855.1_ASM1464885v1_fai-gene-cluster-1	GCA_017308975.1_ASM1730897v1_fai-gene-cluster-1	GCA_017948485.1_ASM1794848v1_fai-gene-cluster-1	GCA_020884795.1_ASM2088479v1_fai-gene-cluster-1	GCA_020907265.1_ASM2090726v1_fai-gene-cluster-1	GCA_021056305.1_ASM2105630v1_fai-gene-cluster-1	GCA_022696125.1_ASM2269612v1_fai-gene-cluster-1	GCA_024611995.1_ASM2461199v1_fai-gene-cluster-1	GCA_900090265.1_IMG_taxon_2623620551_annotated_assembly_fai-gene-cluster-1	GCA_900105265.1_IMG_taxon_2675903008_annotated_assembly_fai-gene-cluster-1	GCA_900105945.1_IMG_taxon_2634166899_annotated_assembly_fai-gene-cluster-1
OG_1	GCA_000196835.1_ASM19683v1_fai-gene-cluster-1|AKBF_000662	GCA_000220945.1_ASM22094v1_fai-gene-cluster-1|BKXB_000663	GCA_000282715.1_ASM28271v1_fai-gene-cluster-1|BUPY_000669	GCA_000384275.1_ASM38427v1_fai-gene-cluster-1|AXGX_005074	GCA_000454025.1_ASM45402v1_fai-gene-cluster-1|BUZC_000670	GCA_000695625.1_ASM69562v1_fai-gene-cluster-1|ALMP_003690	GCA_000696405.1_ASM69640v1_fai-gene-cluster-1|BBCP_003163	GCA_000700945.1_ASM70094v1_fai-gene-cluster-1|BKWX_008111	GCA_000716785.1_ASM71678v1_fai-gene-cluster-1|AYSD_002799	GCA_001013905.1_sleC34_fai-gene-cluster-1|BXKM_001010	GCA_001514035.1_ASM151403v1_fai-gene-cluster-1|AIRZ_007077	GCA_001660045.1_ASM166004v1_fai-gene-cluster-1|ADXD_006517	GCA_001742805.1_ASM174280v1_fai-gene-cluster-1|BGNP_000781	GCA_001746425.1_ASM174642v1_fai-gene-cluster-1|BRIK_005213	GCA_004364395.1_ASM436439v1_fai-gene-cluster-1|AQPH_002150	GCA_004794975.1_ASM479497v1_fai-gene-cluster-1|BEET_003747	GCA_011765705.1_ASM1176570v1_fai-gene-cluster-1|BKVG_005995	GCA_011765725.1_ASM1176572v1_fai-gene-cluster-1|BCUI_005236	GCA_011765735.1_ASM1176573v1_fai-gene-cluster-1|ARCY_004523	GCA_013364075.1_ASM1336407v1_fai-gene-cluster-1|ARAK_004851	GCA_014203355.1_ASM1420335v1_fai-gene-cluster-1|ALPJ_004946	GCA_014648855.1_ASM1464885v1_fai-gene-cluster-1|BSUN_005827		GCA_017948485.1_ASM1794848v1_fai-gene-cluster-1|ASZH_000465		GCA_020907265.1_ASM2090726v1_fai-gene-cluster-1|AGUK_002614	GCA_021056305.1_ASM2105630v1_fai-gene-cluster-1|ATST_002124	GCA_022696125.1_ASM2269612v1_fai-gene-cluster-1|BNTC_000177	GCA_024611995.1_ASM2461199v1_fai-gene-cluster-1|AFPQ_002493	GCA_900090265.1_IMG_taxon_2623620551_annotated_assembly_fai-gene-cluster-1|BMWF_000104	GCA_900105265.1_IMG_taxon_2675903008_annotated_assembly_fai-gene-cluster-1|AQFB_001980	GCA_900105945.1_IMG_taxon_2634166899_annotated_assembly_fai-gene-cluster-1|BJZM_009471
OG_2	GCA_000196835.1_ASM19683v1_fai-gene-cluster-1|AKBF_000655	GCA_000220945.1_ASM22094v1_fai-gene-cluster-1|BKXB_000656	GCA_000282715.1_ASM28271v1_fai-gene-cluster-1|BUPY_000662	GCA_000384275.1_ASM38427v1_fai-gene-cluster-1|AXGX_005059	GCA_000454025.1_ASM45402v1_fai-gene-cluster-1|BUZC_000663	GCA_000695625.1_ASM69562v1_fai-gene-cluster-1|ALMP_003683	GCA_000696405.1_ASM69640v1_fai-gene-cluster-1|BBCP_003170	GCA_000700945.1_ASM70094v1_fai-gene-cluster-1|BKWX_008103	GCA_000716785.1_ASM71678v1_fai-gene-cluster-1|AYSD_002805	GCA_001013905.1_sleC34_fai-gene-cluster-1|BXKM_001019			GCA_001742805.1_ASM174280v1_fai-gene-cluster-1|BGNP_000774				GCA_011765705.1_ASM1176570v1_fai-gene-cluster-1|BKVG_005978	GCA_011765725.1_ASM1176572v1_fai-gene-cluster-1|BCUI_005251	GCA_011765735.1_ASM1176573v1_fai-gene-cluster-1|ARCY_004538	GCA_013364075.1_ASM1336407v1_fai-gene-cluster-1|ARAK_004858	GCA_014203355.1_ASM1420335v1_fai-gene-cluster-1|ALPJ_004944				GCA_020884795.1_ASM2088479v1_fai-gene-cluster-1|BTXO_004065		GCA_021056305.1_ASM2105630v1_fai-gene-cluster-1|ATST_002103			GCA_900090265.1_IMG_taxon_2623620551_annotated_assembly_fai-gene-cluster-1|BMWF_000097		GCA_900105945.1_IMG_taxon_2634166899_annotated_assembly_fai-gene-cluster-1|BJZM_009460
OG_3	GCA_000196835.1_ASM19683v1_fai-gene-cluster-1|AKBF_000654	GCA_000220945.1_ASM22094v1_fai-gene-cluster-1|BKXB_000655	GCA_000282715.1_ASM28271v1_fai-gene-cluster-1|BUPY_000661	GCA_000384275.1_ASM38427v1_fai-gene-cluster-1|AXGX_005065	GCA_000454025.1_ASM45402v1_fai-gene-cluster-1|BUZC_000662	GCA_000695625.1_ASM69562v1_fai-gene-cluster-1|ALMP_003682	GCA_000696405.1_ASM69640v1_fai-gene-cluster-1|BBCP_003171	GCA_000700945.1_ASM70094v1_fai-gene-cluster-1|BKWX_008102	GCA_000716785.1_ASM71678v1_fai-gene-cluster-1|AYSD_002806	GCA_001013905.1_sleC34_fai-gene-cluster-1|BXKM_001020	GCA_001514035.1_ASM151403v1_fai-gene-cluster-1|AIRZ_007084	GCA_001660045.1_ASM166004v1_fai-gene-cluster-1|ADXD_006513	GCA_001742805.1_ASM174280v1_fai-gene-cluster-1|BGNP_000773	GCA_001746425.1_ASM174642v1_fai-gene-cluster-1|BRIK_005208	GCA_004364395.1_ASM436439v1_fai-gene-cluster-1|AQPH_002157	GCA_004794975.1_ASM479497v1_fai-gene-cluster-1|BEET_003741	GCA_011765705.1_ASM1176570v1_fai-gene-cluster-1|BKVG_005985	GCA_011765725.1_ASM1176572v1_fai-gene-cluster-1|BCUI_005245	GCA_011765735.1_ASM1176573v1_fai-gene-cluster-1|ARCY_004532	GCA_013364075.1_ASM1336407v1_fai-gene-cluster-1|ARAK_004859	GCA_014203355.1_ASM1420335v1_fai-gene-cluster-1|ALPJ_004943	GCA_014648855.1_ASM1464885v1_fai-gene-cluster-1|BSUN_005823		GCA_017948485.1_ASM1794848v1_fai-gene-cluster-1|ASZH_000472	GCA_020884795.1_ASM2088479v1_fai-gene-cluster-1|BTXO_004057	GCA_020907265.1_ASM2090726v1_fai-gene-cluster-1|AGUK_002610	GCA_021056305.1_ASM2105630v1_fai-gene-cluster-1|ATST_002122	GCA_022696125.1_ASM2269612v1_fai-gene-cluster-1|BNTC_000183	GCA_024611995.1_ASM2461199v1_fai-gene-cluster-1|AFPQ_002500	GCA_900090265.1_IMG_taxon_2623620551_annotated_assembly_fai-gene-cluster-1|BMWF_000102	GCA_900105265.1_IMG_taxon_2675903008_annotated_assembly_fai-gene-cluster-1|AQFB_001983	GCA_900105945.1_IMG_taxon_2634166899_annotated_assembly_fai-gene-cluster-1|BJZM_009459
OG_4	GCA_000196835.1_ASM19683v1_fai-gene-cluster-1|AKBF_000651	GCA_000220945.1_ASM22094v1_fai-gene-cluster-1|BKXB_000652	GCA_000282715.1_ASM28271v1_fai-gene-cluster-1|BUPY_000658		GCA_000454025.1_ASM45402v1_fai-gene-cluster-1|BUZC_000659		GCA_000696405.1_ASM69640v1_fai-gene-cluster-1|BBCP_003174	GCA_000700945.1_ASM70094v1_fai-gene-cluster-1|BKWX_008099		GCA_001013905.1_sleC34_fai-gene-cluster-1|BXKM_001021			GCA_001742805.1_ASM174280v1_fai-gene-cluster-1|BGNP_000770							GCA_013364075.1_ASM1336407v1_fai-gene-cluster-1|ARAK_004862												GCA_900105945.1_IMG_taxon_2634166899_annotated_assembly_fai-gene-cluster-1|BJZM_009456
OG_5	GCA_000196835.1_ASM19683v1_fai-gene-cluster-1|AKBF_000638	GCA_000220945.1_ASM22094v1_fai-gene-cluster-1|BKXB_000639	GCA_000282715.1_ASM28271v1_fai-gene-cluster-1|BUPY_000645	GCA_000384275.1_ASM38427v1_fai-gene-cluster-1|AXGX_005072	GCA_000454025.1_ASM45402v1_fai-gene-cluster-1|BUZC_000646	GCA_000695625.1_ASM69562v1_fai-gene-cluster-1|ALMP_003670	GCA_000696405.1_ASM69640v1_fai-gene-cluster-1|BBCP_003187	GCA_000700945.1_ASM70094v1_fai-gene-cluster-1|BKWX_008086	GCA_000716785.1_ASM71678v1_fai-gene-cluster-1|AYSD_002824	GCA_001013905.1_sleC34_fai-gene-cluster-1|BXKM_001022	GCA_001514035.1_ASM151403v1_fai-gene-cluster-1|AIRZ_007085	GCA_001660045.1_ASM166004v1_fai-gene-cluster-1|ADXD_006512	GCA_001742805.1_ASM174280v1_fai-gene-cluster-1|BGNP_000757	GCA_001746425.1_ASM174642v1_fai-gene-cluster-1|BRIK_005207	GCA_004364395.1_ASM436439v1_fai-gene-cluster-1|AQPH_002158	GCA_004794975.1_ASM479497v1_fai-gene-cluster-1|BEET_003740	GCA_011765705.1_ASM1176570v1_fai-gene-cluster-1|BKVG_005993	GCA_011765725.1_ASM1176572v1_fai-gene-cluster-1|BCUI_005238	GCA_011765735.1_ASM1176573v1_fai-gene-cluster-1|ARCY_004525	GCA_013364075.1_ASM1336407v1_fai-gene-cluster-1|ARAK_004875	GCA_014203355.1_ASM1420335v1_fai-gene-cluster-1|ALPJ_004926	GCA_014648855.1_ASM1464885v1_fai-gene-cluster-1|BSUN_005822	GCA_017308975.1_ASM1730897v1_fai-gene-cluster-1|BHHN_002105	GCA_017948485.1_ASM1794848v1_fai-gene-cluster-1|ASZH_000473		GCA_020907265.1_ASM2090726v1_fai-gene-cluster-1|AGUK_002609	GCA_021056305.1_ASM2105630v1_fai-gene-cluster-1|ATST_002120	GCA_022696125.1_ASM2269612v1_fai-gene-cluster-1|BNTC_000184	GCA_024611995.1_ASM2461199v1_fai-gene-cluster-1|AFPQ_002501	GCA_900090265.1_IMG_taxon_2623620551_annotated_assembly_fai-gene-cluster-1|BMWF_000083	GCA_900105265.1_IMG_taxon_2675903008_annotated_assembly_fai-gene-cluster-1|AQFB_001984	GCA_900105945.1_IMG_taxon_2634166899_annotated_assembly_fai-gene-cluster-1|BJZM_009444
OG_6	GCA_000196835.1_ASM19683v1_fai-gene-cluster-1|AKBF_000637	GCA_000220945.1_ASM22094v1_fai-gene-cluster-1|BKXB_000638	GCA_000282715.1_ASM28271v1_fai-gene-cluster-1|BUPY_000644	GCA_000384275.1_ASM38427v1_fai-gene-cluster-1|AXGX_005054	GCA_000454025.1_ASM45402v1_fai-gene-cluster-1|BUZC_000645	GCA_000695625.1_ASM69562v1_fai-gene-cluster-1|ALMP_003669	GCA_000696405.1_ASM69640v1_fai-gene-cluster-1|BBCP_003188	GCA_000700945.1_ASM70094v1_fai-gene-cluster-1|BKWX_008085	GCA_000716785.1_ASM71678v1_fai-gene-cluster-1|AYSD_002825	GCA_001013905.1_sleC34_fai-gene-cluster-1|BXKM_001023	GCA_001514035.1_ASM151403v1_fai-gene-cluster-1|AIRZ_007086	GCA_001660045.1_ASM166004v1_fai-gene-cluster-1|ADXD_006511	GCA_001742805.1_ASM174280v1_fai-gene-cluster-1|BGNP_000756	GCA_001746425.1_ASM174642v1_fai-gene-cluster-1|BRIK_005206	GCA_004364395.1_ASM436439v1_fai-gene-cluster-1|AQPH_002159	GCA_004794975.1_ASM479497v1_fai-gene-cluster-1|BEET_003739	GCA_011765705.1_ASM1176570v1_fai-gene-cluster-1|BKVG_005973	GCA_011765725.1_ASM1176572v1_fai-gene-cluster-1|BCUI_005257	GCA_011765735.1_ASM1176573v1_fai-gene-cluster-1|ARCY_004543	GCA_013364075.1_ASM1336407v1_fai-gene-cluster-1|ARAK_004876	GCA_014203355.1_ASM1420335v1_fai-gene-cluster-1|ALPJ_004925	GCA_014648855.1_ASM1464885v1_fai-gene-cluster-1|BSUN_005821	GCA_017308975.1_ASM1730897v1_fai-gene-cluster-1|BHHN_002104	GCA_017948485.1_ASM1794848v1_fai-gene-cluster-1|ASZH_000474	GCA_020884795.1_ASM2088479v1_fai-gene-cluster-1|BTXO_004070	GCA_020907265.1_ASM2090726v1_fai-gene-cluster-1|AGUK_002608	GCA_021056305.1_ASM2105630v1_fai-gene-cluster-1|ATST_002119	GCA_022696125.1_ASM2269612v1_fai-gene-cluster-1|BNTC_000185	GCA_024611995.1_ASM2461199v1_fai-gene-cluster-1|AFPQ_002502	GCA_900090265.1_IMG_taxon_2623620551_annotated_assembly_fai-gene-cluster-1|BMWF_000082	GCA_900105265.1_IMG_taxon_2675903008_annotated_assembly_fai-gene-cluster-1|AQFB_001985	GCA_900105945.1_IMG_taxon_2634166899_annotated_assembly_fai-gene-cluster-1|BJZM_009443
OG_7	GCA_000196835.1_ASM19683v1_fai-gene-cluster-1|AKBF_000636	GCA_000220945.1_ASM22094v1_fai-gene-cluster-1|BKXB_000637	GCA_000282715.1_ASM28271v1_fai-gene-cluster-1|BUPY_000643	GCA_000384275.1_ASM38427v1_fai-gene-cluster-1|AXGX_005053	GCA_000454025.1_ASM45402v1_fai-gene-cluster-1|BUZC_000644	GCA_000695625.1_ASM69562v1_fai-gene-cluster-1|ALMP_003668	GCA_000696405.1_ASM69640v1_fai-gene-cluster-1|BBCP_003189	GCA_000700945.1_ASM70094v1_fai-gene-cluster-1|BKWX_008084	GCA_000716785.1_ASM71678v1_fai-gene-cluster-1|AYSD_002826	GCA_001013905.1_sleC34_fai-gene-cluster-1|BXKM_001024	GCA_001514035.1_ASM151403v1_fai-gene-cluster-1|AIRZ_007087	GCA_001660045.1_ASM166004v1_fai-gene-cluster-1|ADXD_006510	GCA_001742805.1_ASM174280v1_fai-gene-cluster-1|BGNP_000755	GCA_001746425.1_ASM174642v1_fai-gene-cluster-1|BRIK_005205	GCA_004364395.1_ASM436439v1_fai-gene-cluster-1|AQPH_002160	GCA_004794975.1_ASM479497v1_fai-gene-cluster-1|BEET_003738	GCA_011765705.1_ASM1176570v1_fai-gene-cluster-1|BKVG_005972	GCA_011765725.1_ASM1176572v1_fai-gene-cluster-1|BCUI_005258	GCA_011765735.1_ASM1176573v1_fai-gene-cluster-1|ARCY_004544	GCA_013364075.1_ASM1336407v1_fai-gene-cluster-1|ARAK_004877	GCA_014203355.1_ASM1420335v1_fai-gene-cluster-1|ALPJ_004924	GCA_014648855.1_ASM1464885v1_fai-gene-cluster-1|BSUN_005820	GCA_017308975.1_ASM1730897v1_fai-gene-cluster-1|BHHN_002103	GCA_017948485.1_ASM1794848v1_fai-gene-cluster-1|ASZH_000475	GCA_020884795.1_ASM2088479v1_fai-gene-cluster-1|BTXO_004071	GCA_020907265.1_ASM2090726v1_fai-gene-cluster-1|AGUK_002607	GCA_021056305.1_ASM2105630v1_fai-gene-cluster-1|ATST_002118	GCA_022696125.1_ASM2269612v1_fai-gene-cluster-1|BNTC_000186	GCA_024611995.1_ASM2461199v1_fai-gene-cluster-1|AFPQ_002503	GCA_900090265.1_IMG_taxon_2623620551_annotated_assembly_fai-gene-cluster-1|BMWF_000081	GCA_900105265.1_IMG_taxon_2675903008_annotated_assembly_fai-gene-cluster-1|AQFB_001986	GCA_900105945.1_IMG_taxon_2634166899_annotated_assembly_fai-gene-cluster-1|BJZM_009442
OG_8	GCA_000196835.1_ASM19683v1_fai-gene-cluster-1|AKBF_000635	GCA_000220945.1_ASM22094v1_fai-gene-cluster-1|BKXB_000636	GCA_000282715.1_ASM28271v1_fai-gene-cluster-1|BUPY_000642	GCA_000384275.1_ASM38427v1_fai-gene-cluster-1|AXGX_005052	GCA_000454025.1_ASM45402v1_fai-gene-cluster-1|BUZC_000643	GCA_000695625.1_ASM69562v1_fai-gene-cluster-1|ALMP_003667	GCA_000696405.1_ASM69640v1_fai-gene-cluster-1|BBCP_003190	GCA_000700945.1_ASM70094v1_fai-gene-cluster-1|BKWX_008083	GCA_000716785.1_ASM71678v1_fai-gene-cluster-1|AYSD_002827	GCA_001013905.1_sleC34_fai-gene-cluster-1|BXKM_001025	GCA_001514035.1_ASM151403v1_fai-gene-cluster-1|AIRZ_007088	GCA_001660045.1_ASM166004v1_fai-gene-cluster-1|ADXD_006509	GCA_001742805.1_ASM174280v1_fai-gene-cluster-1|BGNP_000754	GCA_001746425.1_ASM174642v1_fai-gene-cluster-1|BRIK_005204	GCA_004364395.1_ASM436439v1_fai-gene-cluster-1|AQPH_002161	GCA_004794975.1_ASM479497v1_fai-gene-cluster-1|BEET_003737	GCA_011765705.1_ASM1176570v1_fai-gene-cluster-1|BKVG_005971	GCA_011765725.1_ASM1176572v1_fai-gene-cluster-1|BCUI_005259	GCA_011765735.1_ASM1176573v1_fai-gene-cluster-1|ARCY_004545	GCA_013364075.1_ASM1336407v1_fai-gene-cluster-1|ARAK_004878	GCA_014203355.1_ASM1420335v1_fai-gene-cluster-1|ALPJ_004923	GCA_014648855.1_ASM1464885v1_fai-gene-cluster-1|BSUN_005819	GCA_017308975.1_ASM1730897v1_fai-gene-cluster-1|BHHN_002102	GCA_017948485.1_ASM1794848v1_fai-gene-cluster-1|ASZH_000476	GCA_020884795.1_ASM2088479v1_fai-gene-cluster-1|BTXO_004072	GCA_020907265.1_ASM2090726v1_fai-gene-cluster-1|AGUK_002606	GCA_021056305.1_ASM2105630v1_fai-gene-cluster-1|ATST_002117	GCA_022696125.1_ASM2269612v1_fai-gene-cluster-1|BNTC_000187	GCA_024611995.1_ASM2461199v1_fai-gene-cluster-1|AFPQ_002504	GCA_900090265.1_IMG_taxon_2623620551_annotated_assembly_fai-gene-cluster-1|BMWF_000080	GCA_900105265.1_IMG_taxon_2675903008_annotated_assembly_fai-gene-cluster-1|AQFB_001987	GCA_900105945.1_IMG_taxon_2634166899_annotated_assembly_fai-gene-cluster-1|BJZM_009441
OG_9	GCA_000196835.1_ASM19683v1_fai-gene-cluster-1|AKBF_000634	GCA_000220945.1_ASM22094v1_fai-gene-cluster-1|BKXB_000635	GCA_000282715.1_ASM28271v1_fai-gene-cluster-1|BUPY_000641	GCA_000384275.1_ASM38427v1_fai-gene-cluster-1|AXGX_005071	GCA_000454025.1_ASM45402v1_fai-gene-cluster-1|BUZC_000642	GCA_000695625.1_ASM69562v1_fai-gene-cluster-1|ALMP_003666	GCA_000696405.1_ASM69640v1_fai-gene-cluster-1|BBCP_003191	GCA_000700945.1_ASM70094v1_fai-gene-cluster-1|BKWX_008082	GCA_000716785.1_ASM71678v1_fai-gene-cluster-1|AYSD_002828	GCA_001013905.1_sleC34_fai-gene-cluster-1|BXKM_001026	GCA_001514035.1_ASM151403v1_fai-gene-cluster-1|AIRZ_007089	GCA_001660045.1_ASM166004v1_fai-gene-cluster-1|ADXD_006508	GCA_001742805.1_ASM174280v1_fai-gene-cluster-1|BGNP_000753	GCA_001746425.1_ASM174642v1_fai-gene-cluster-1|BRIK_005203	GCA_004364395.1_ASM436439v1_fai-gene-cluster-1|AQPH_002162	GCA_004794975.1_ASM479497v1_fai-gene-cluster-1|BEET_003736	GCA_011765705.1_ASM1176570v1_fai-gene-cluster-1|BKVG_005992	GCA_011765725.1_ASM1176572v1_fai-gene-cluster-1|BCUI_005239	GCA_011765735.1_ASM1176573v1_fai-gene-cluster-1|ARCY_004526	GCA_013364075.1_ASM1336407v1_fai-gene-cluster-1|ARAK_004879	GCA_014203355.1_ASM1420335v1_fai-gene-cluster-1|ALPJ_004922	GCA_014648855.1_ASM1464885v1_fai-gene-cluster-1|BSUN_005818	GCA_017308975.1_ASM1730897v1_fai-gene-cluster-1|BHHN_002100	GCA_017948485.1_ASM1794848v1_fai-gene-cluster-1|ASZH_000477		GCA_020907265.1_ASM2090726v1_fai-gene-cluster-1|AGUK_002605	GCA_021056305.1_ASM2105630v1_fai-gene-cluster-1|ATST_002113	GCA_022696125.1_ASM2269612v1_fai-gene-cluster-1|BNTC_000188	GCA_024611995.1_ASM2461199v1_fai-gene-cluster-1|AFPQ_002505	GCA_900090265.1_IMG_taxon_2623620551_annotated_assembly_fai-gene-cluster-1|BMWF_000079	GCA_900105265.1_IMG_taxon_2675903008_annotated_assembly_fai-gene-cluster-1|AQFB_001988	GCA_900105945.1_IMG_taxon_2634166899_annotated_assembly_fai-gene-cluster-1|BJZM_009440
OG_10	GCA_000196835.1_ASM19683v1_fai-gene-cluster-1|AKBF_000633	GCA_000220945.1_ASM22094v1_fai-gene-cluster-1|BKXB_000634	GCA_000282715.1_ASM28271v1_fai-gene-cluster-1|BUPY_000640	GCA_000384275.1_ASM38427v1_fai-gene-cluster-1|AXGX_005051	GCA_000454025.1_ASM45402v1_fai-gene-cluster-1|BUZC_000641	GCA_000695625.1_ASM69562v1_fai-gene-cluster-1|ALMP_003665	GCA_000696405.1_ASM69640v1_fai-gene-cluster-1|BBCP_003192	GCA_000700945.1_ASM70094v1_fai-gene-cluster-1|BKWX_008081	GCA_000716785.1_ASM71678v1_fai-gene-cluster-1|AYSD_002829	GCA_001013905.1_sleC34_fai-gene-cluster-1|BXKM_001027	GCA_001514035.1_ASM151403v1_fai-gene-cluster-1|AIRZ_007090		GCA_001742805.1_ASM174280v1_fai-gene-cluster-1|BGNP_000752	GCA_001746425.1_ASM174642v1_fai-gene-cluster-1|BRIK_005202	GCA_004364395.1_ASM436439v1_fai-gene-cluster-1|AQPH_002163	GCA_004794975.1_ASM479497v1_fai-gene-cluster-1|BEET_003735	GCA_011765705.1_ASM1176570v1_fai-gene-cluster-1|BKVG_005970	GCA_011765725.1_ASM1176572v1_fai-gene-cluster-1|BCUI_005260	GCA_011765735.1_ASM1176573v1_fai-gene-cluster-1|ARCY_004546	GCA_013364075.1_ASM1336407v1_fai-gene-cluster-1|ARAK_004880	GCA_014203355.1_ASM1420335v1_fai-gene-cluster-1|ALPJ_004921		GCA_017308975.1_ASM1730897v1_fai-gene-cluster-1|BHHN_002099	GCA_017948485.1_ASM1794848v1_fai-gene-cluster-1|ASZH_000478	GCA_020884795.1_ASM2088479v1_fai-gene-cluster-1|BTXO_004073		GCA_021056305.1_ASM2105630v1_fai-gene-cluster-1|ATST_002112	GCA_022696125.1_ASM2269612v1_fai-gene-cluster-1|BNTC_000189	GCA_024611995.1_ASM2461199v1_fai-gene-cluster-1|AFPQ_002506	GCA_900090265.1_IMG_taxon_2623620551_annotated_assembly_fai-gene-cluster-1|BMWF_000078	GCA_900105265.1_IMG_taxon_2675903008_annotated_assembly_fai-gene-cluster-1|AQFB_001989	GCA_900105945.1_IMG_taxon_2634166899_annotated_assembly_fai-gene-cluster-1|BJZM_009439
OG_11	GCA_000196835.1_ASM19683v1_fai-gene-cluster-1|AKBF_000632	GCA_000220945.1_ASM22094v1_fai-gene-cluster-1|BKXB_000633	GCA_000282715.1_ASM28271v1_fai-gene-cluster-1|BUPY_000639	GCA_000384275.1_ASM38427v1_fai-gene-cluster-1|AXGX_005050	GCA_000454025.1_ASM45402v1_fai-gene-cluster-1|BUZC_000640	GCA_000695625.1_ASM69562v1_fai-gene-cluster-1|ALMP_003664	GCA_000696405.1_ASM69640v1_fai-gene-cluster-1|BBCP_003193	GCA_000700945.1_ASM70094v1_fai-gene-cluster-1|BKWX_008080	GCA_000716785.1_ASM71678v1_fai-gene-cluster-1|AYSD_002830	GCA_001013905.1_sleC34_fai-gene-cluster-1|BXKM_001028	GCA_001514035.1_ASM151403v1_fai-gene-cluster-1|AIRZ_007091	GCA_001660045.1_ASM166004v1_fai-gene-cluster-1|ADXD_006507	GCA_001742805.1_ASM174280v1_fai-gene-cluster-1|BGNP_000751	GCA_001746425.1_ASM174642v1_fai-gene-cluster-1|BRIK_005201	GCA_004364395.1_ASM436439v1_fai-gene-cluster-1|AQPH_002164	GCA_004794975.1_ASM479497v1_fai-gene-cluster-1|BEET_003734	GCA_011765705.1_ASM1176570v1_fai-gene-cluster-1|BKVG_005969	GCA_011765725.1_ASM1176572v1_fai-gene-cluster-1|BCUI_005261	GCA_011765735.1_ASM1176573v1_fai-gene-cluster-1|ARCY_004547	GCA_013364075.1_ASM1336407v1_fai-gene-cluster-1|ARAK_004881	GCA_014203355.1_ASM1420335v1_fai-gene-cluster-1|ALPJ_004920	GCA_014648855.1_ASM1464885v1_fai-gene-cluster-1|BSUN_005817	GCA_017308975.1_ASM1730897v1_fai-gene-cluster-1|BHHN_002098	GCA_017948485.1_ASM1794848v1_fai-gene-cluster-1|ASZH_000479	GCA_020884795.1_ASM2088479v1_fai-gene-cluster-1|BTXO_004074	GCA_020907265.1_ASM2090726v1_fai-gene-cluster-1|AGUK_002604	GCA_021056305.1_ASM2105630v1_fai-gene-cluster-1|ATST_002111	GCA_022696125.1_ASM2269612v1_fai-gene-cluster-1|BNTC_000190	GCA_024611995.1_ASM2461199v1_fai-gene-cluster-1|AFPQ_002507	GCA_900090265.1_IMG_taxon_2623620551_annotated_assembly_fai-gene-cluster-1|BMWF_000077	GCA_900105265.1_IMG_taxon_2675903008_annotated_assembly_fai-gene-cluster-1|AQFB_001990	GCA_900105945.1_IMG_taxon_2634166899_annotated_assembly_fai-gene-cluster-1|BJZM_009438
OG_12	GCA_000196835.1_ASM19683v1_fai-gene-cluster-1|AKBF_000630	GCA_000220945.1_ASM22094v1_fai-gene-cluster-1|BKXB_000631	GCA_000282715.1_ASM28271v1_fai-gene-cluster-1|BUPY_000637	GCA_000384275.1_ASM38427v1_fai-gene-cluster-1|AXGX_005048	GCA_000454025.1_ASM45402v1_fai-gene-cluster-1|BUZC_000638	GCA_000695625.1_ASM69562v1_fai-gene-cluster-1|ALMP_003662	GCA_000696405.1_ASM69640v1_fai-gene-cluster-1|BBCP_003195	GCA_000700945.1_ASM70094v1_fai-gene-cluster-1|BKWX_008078	GCA_000716785.1_ASM71678v1_fai-gene-cluster-1|AYSD_002832	GCA_001013905.1_sleC34_fai-gene-cluster-1|BXKM_001029	GCA_001514035.1_ASM151403v1_fai-gene-cluster-1|AIRZ_007093	GCA_001660045.1_ASM166004v1_fai-gene-cluster-1|ADXD_006505	GCA_001742805.1_ASM174280v1_fai-gene-cluster-1|BGNP_000749	GCA_001746425.1_ASM174642v1_fai-gene-cluster-1|BRIK_005199	GCA_004364395.1_ASM436439v1_fai-gene-cluster-1|AQPH_002165	GCA_004794975.1_ASM479497v1_fai-gene-cluster-1|BEET_003732	GCA_011765705.1_ASM1176570v1_fai-gene-cluster-1|BKVG_005967	GCA_011765725.1_ASM1176572v1_fai-gene-cluster-1|BCUI_005263	GCA_011765735.1_ASM1176573v1_fai-gene-cluster-1|ARCY_004549	GCA_013364075.1_ASM1336407v1_fai-gene-cluster-1|ARAK_004883	GCA_014203355.1_ASM1420335v1_fai-gene-cluster-1|ALPJ_004918	GCA_014648855.1_ASM1464885v1_fai-gene-cluster-1|BSUN_005815	GCA_017308975.1_ASM1730897v1_fai-gene-cluster-1|BHHN_002096	GCA_017948485.1_ASM1794848v1_fai-gene-cluster-1|ASZH_000481	GCA_020884795.1_ASM2088479v1_fai-gene-cluster-1|BTXO_004076	GCA_020907265.1_ASM2090726v1_fai-gene-cluster-1|AGUK_002602	GCA_021056305.1_ASM2105630v1_fai-gene-cluster-1|ATST_002110	GCA_022696125.1_ASM2269612v1_fai-gene-cluster-1|BNTC_000192	GCA_024611995.1_ASM2461199v1_fai-gene-cluster-1|AFPQ_002509	GCA_900090265.1_IMG_taxon_2623620551_annotated_assembly_fai-gene-cluster-1|BMWF_000075	GCA_900105265.1_IMG_taxon_2675903008_annotated_assembly_fai-gene-cluster-1|AQFB_001992	GCA_900105945.1_IMG_taxon_2634166899_annotated_assembly_fai-gene-cluster-1|BJZM_009436
OG_13	GCA_000196835.1_ASM19683v1_fai-gene-cluster-1|AKBF_000629	GCA_000220945.1_ASM22094v1_fai-gene-cluster-1|BKXB_000630	GCA_000282715.1_ASM28271v1_fai-gene-cluster-1|BUPY_000636	GCA_000384275.1_ASM38427v1_fai-gene-cluster-1|AXGX_005047	GCA_000454025.1_ASM45402v1_fai-gene-cluster-1|BUZC_000637	GCA_000695625.1_ASM69562v1_fai-gene-cluster-1|ALMP_003661	GCA_000696405.1_ASM69640v1_fai-gene-cluster-1|BBCP_003196	GCA_000700945.1_ASM70094v1_fai-gene-cluster-1|BKWX_008077	GCA_000716785.1_ASM71678v1_fai-gene-cluster-1|AYSD_002833	GCA_001013905.1_sleC34_fai-gene-cluster-1|BXKM_001030	GCA_001514035.1_ASM151403v1_fai-gene-cluster-1|AIRZ_007095	GCA_001660045.1_ASM166004v1_fai-gene-cluster-1|ADXD_006504	GCA_001742805.1_ASM174280v1_fai-gene-cluster-1|BGNP_000748		GCA_004364395.1_ASM436439v1_fai-gene-cluster-1|AQPH_002166	GCA_004794975.1_ASM479497v1_fai-gene-cluster-1|BEET_003731	GCA_011765705.1_ASM1176570v1_fai-gene-cluster-1|BKVG_005966		GCA_011765735.1_ASM1176573v1_fai-gene-cluster-1|ARCY_004550	GCA_013364075.1_ASM1336407v1_fai-gene-cluster-1|ARAK_004884	GCA_014203355.1_ASM1420335v1_fai-gene-cluster-1|ALPJ_004917	GCA_014648855.1_ASM1464885v1_fai-gene-cluster-1|BSUN_005814	GCA_017308975.1_ASM1730897v1_fai-gene-cluster-1|BHHN_002095	GCA_017948485.1_ASM1794848v1_fai-gene-cluster-1|ASZH_000482	GCA_020884795.1_ASM2088479v1_fai-gene-cluster-1|BTXO_004077	GCA_020907265.1_ASM2090726v1_fai-gene-cluster-1|AGUK_002601	GCA_021056305.1_ASM2105630v1_fai-gene-cluster-1|ATST_002109	GCA_022696125.1_ASM2269612v1_fai-gene-cluster-1|BNTC_000193	GCA_024611995.1_ASM2461199v1_fai-gene-cluster-1|AFPQ_002510	GCA_900090265.1_IMG_taxon_2623620551_annotated_assembly_fai-gene-cluster-1|BMWF_000074	GCA_900105265.1_IMG_taxon_2675903008_annotated_assembly_fai-gene-cluster-1|AQFB_001993, GCA_900105265.1_IMG_taxon_2675903008_annotated_assembly_fai-gene-cluster-1|AQFB_001995	GCA_900105945.1_IMG_taxon_2634166899_annotated_assembly_fai-gene-cluster-1|BJZM_009435
OG_14	GCA_000196835.1_ASM19683v1_fai-gene-cluster-1|AKBF_000628	GCA_000220945.1_ASM22094v1_fai-gene-cluster-1|BKXB_000629	GCA_000282715.1_ASM28271v1_fai-gene-cluster-1|BUPY_000635	GCA_000384275.1_ASM38427v1_fai-gene-cluster-1|AXGX_005046	GCA_000454025.1_ASM45402v1_fai-gene-cluster-1|BUZC_000636	GCA_000695625.1_ASM69562v1_fai-gene-cluster-1|ALMP_003660	GCA_000696405.1_ASM69640v1_fai-gene-cluster-1|BBCP_003197	GCA_000700945.1_ASM70094v1_fai-gene-cluster-1|BKWX_008076		GCA_001013905.1_sleC34_fai-gene-cluster-1|BXKM_001031	GCA_001514035.1_ASM151403v1_fai-gene-cluster-1|AIRZ_007096	GCA_001660045.1_ASM166004v1_fai-gene-cluster-1|ADXD_006503	GCA_001742805.1_ASM174280v1_fai-gene-cluster-1|BGNP_000747	GCA_001746425.1_ASM174642v1_fai-gene-cluster-1|BRIK_005195	GCA_004364395.1_ASM436439v1_fai-gene-cluster-1|AQPH_002167	GCA_004794975.1_ASM479497v1_fai-gene-cluster-1|BEET_003730			GCA_011765735.1_ASM1176573v1_fai-gene-cluster-1|ARCY_004552		GCA_014203355.1_ASM1420335v1_fai-gene-cluster-1|ALPJ_004916	GCA_014648855.1_ASM1464885v1_fai-gene-cluster-1|BSUN_005813		GCA_017948485.1_ASM1794848v1_fai-gene-cluster-1|ASZH_000483	GCA_020884795.1_ASM2088479v1_fai-gene-cluster-1|BTXO_004078	GCA_020907265.1_ASM2090726v1_fai-gene-cluster-1|AGUK_002600	GCA_021056305.1_ASM2105630v1_fai-gene-cluster-1|ATST_002108	GCA_022696125.1_ASM2269612v1_fai-gene-cluster-1|BNTC_000194	GCA_024611995.1_ASM2461199v1_fai-gene-cluster-1|AFPQ_002511	GCA_900090265.1_IMG_taxon_2623620551_annotated_assembly_fai-gene-cluster-1|BMWF_000073		GCA_900105945.1_IMG_taxon_2634166899_annotated_assembly_fai-gene-cluster-1|BJZM_009434
OG_15	GCA_000196835.1_ASM19683v1_fai-gene-cluster-1|AKBF_000627	GCA_000220945.1_ASM22094v1_fai-gene-cluster-1|BKXB_000628	GCA_000282715.1_ASM28271v1_fai-gene-cluster-1|BUPY_000634	GCA_000384275.1_ASM38427v1_fai-gene-cluster-1|AXGX_005045	GCA_000454025.1_ASM45402v1_fai-gene-cluster-1|BUZC_000635	GCA_000695625.1_ASM69562v1_fai-gene-cluster-1|ALMP_003659	GCA_000696405.1_ASM69640v1_fai-gene-cluster-1|BBCP_003198	GCA_000700945.1_ASM70094v1_fai-gene-cluster-1|BKWX_008075	GCA_000716785.1_ASM71678v1_fai-gene-cluster-1|AYSD_002835	GCA_001013905.1_sleC34_fai-gene-cluster-1|BXKM_001032			GCA_001742805.1_ASM174280v1_fai-gene-cluster-1|BGNP_000746							GCA_013364075.1_ASM1336407v1_fai-gene-cluster-1|ARAK_004888	GCA_014203355.1_ASM1420335v1_fai-gene-cluster-1|ALPJ_004915		GCA_017308975.1_ASM1730897v1_fai-gene-cluster-1|BHHN_002093		GCA_020884795.1_ASM2088479v1_fai-gene-cluster-1|BTXO_004079		GCA_021056305.1_ASM2105630v1_fai-gene-cluster-1|ATST_002107			GCA_900090265.1_IMG_taxon_2623620551_annotated_assembly_fai-gene-cluster-1|BMWF_000072		GCA_900105945.1_IMG_taxon_2634166899_annotated_assembly_fai-gene-cluster-1|BJZM_009433
OG_16	GCA_000196835.1_ASM19683v1_fai-gene-cluster-1|AKBF_000626	GCA_000220945.1_ASM22094v1_fai-gene-cluster-1|BKXB_000627	GCA_000282715.1_ASM28271v1_fai-gene-cluster-1|BUPY_000633	GCA_000384275.1_ASM38427v1_fai-gene-cluster-1|AXGX_005044	GCA_000454025.1_ASM45402v1_fai-gene-cluster-1|BUZC_000634	GCA_000695625.1_ASM69562v1_fai-gene-cluster-1|ALMP_003658	GCA_000696405.1_ASM69640v1_fai-gene-cluster-1|BBCP_003199	GCA_000700945.1_ASM70094v1_fai-gene-cluster-1|BKWX_008074	GCA_000716785.1_ASM71678v1_fai-gene-cluster-1|AYSD_002836	GCA_001013905.1_sleC34_fai-gene-cluster-1|BXKM_001033	GCA_001514035.1_ASM151403v1_fai-gene-cluster-1|AIRZ_007098, GCA_001514035.1_ASM151403v1_fai-gene-cluster-1|AIRZ_007100	GCA_001660045.1_ASM166004v1_fai-gene-cluster-1|ADXD_006501, GCA_001660045.1_ASM166004v1_fai-gene-cluster-1|ADXD_006502	GCA_001742805.1_ASM174280v1_fai-gene-cluster-1|BGNP_000745	GCA_001746425.1_ASM174642v1_fai-gene-cluster-1|BRIK_005191	GCA_004364395.1_ASM436439v1_fai-gene-cluster-1|AQPH_002168, GCA_004364395.1_ASM436439v1_fai-gene-cluster-1|AQPH_002169	GCA_004794975.1_ASM479497v1_fai-gene-cluster-1|BEET_003728, GCA_004794975.1_ASM479497v1_fai-gene-cluster-1|BEET_003729	GCA_011765705.1_ASM1176570v1_fai-gene-cluster-1|BKVG_005962, GCA_011765705.1_ASM1176570v1_fai-gene-cluster-1|BKVG_005963	GCA_011765725.1_ASM1176572v1_fai-gene-cluster-1|BCUI_005266	GCA_011765735.1_ASM1176573v1_fai-gene-cluster-1|ARCY_004553	GCA_013364075.1_ASM1336407v1_fai-gene-cluster-1|ARAK_004889	GCA_014203355.1_ASM1420335v1_fai-gene-cluster-1|ALPJ_004914	GCA_014648855.1_ASM1464885v1_fai-gene-cluster-1|BSUN_005811, GCA_014648855.1_ASM1464885v1_fai-gene-cluster-1|BSUN_005812	GCA_017308975.1_ASM1730897v1_fai-gene-cluster-1|BHHN_002092	GCA_017948485.1_ASM1794848v1_fai-gene-cluster-1|ASZH_000484, GCA_017948485.1_ASM1794848v1_fai-gene-cluster-1|ASZH_000485	GCA_020884795.1_ASM2088479v1_fai-gene-cluster-1|BTXO_004080	GCA_020907265.1_ASM2090726v1_fai-gene-cluster-1|AGUK_002598, GCA_020907265.1_ASM2090726v1_fai-gene-cluster-1|AGUK_002599	GCA_021056305.1_ASM2105630v1_fai-gene-cluster-1|ATST_002106	GCA_022696125.1_ASM2269612v1_fai-gene-cluster-1|BNTC_000195, GCA_022696125.1_ASM2269612v1_fai-gene-cluster-1|BNTC_000196	GCA_024611995.1_ASM2461199v1_fai-gene-cluster-1|AFPQ_002512, GCA_024611995.1_ASM2461199v1_fai-gene-cluster-1|AFPQ_002513	GCA_900090265.1_IMG_taxon_2623620551_annotated_assembly_fai-gene-cluster-1|BMWF_000071	GCA_900105265.1_IMG_taxon_2675903008_annotated_assembly_fai-gene-cluster-1|AQFB_001994, GCA_900105265.1_IMG_taxon_2675903008_annotated_assembly_fai-gene-cluster-1|AQFB_001996	GCA_900105945.1_IMG_taxon_2634166899_annotated_assembly_fai-gene-cluster-1|BJZM_009432
OG_17	GCA_000196835.1_ASM19683v1_fai-gene-cluster-1|AKBF_000625	GCA_000220945.1_ASM22094v1_fai-gene-cluster-1|BKXB_000626	GCA_000282715.1_ASM28271v1_fai-gene-cluster-1|BUPY_000632	GCA_000384275.1_ASM38427v1_fai-gene-cluster-1|AXGX_005043	GCA_000454025.1_ASM45402v1_fai-gene-cluster-1|BUZC_000633	GCA_000695625.1_ASM69562v1_fai-gene-cluster-1|ALMP_003657	GCA_000696405.1_ASM69640v1_fai-gene-cluster-1|BBCP_003200	GCA_000700945.1_ASM70094v1_fai-gene-cluster-1|BKWX_008073	GCA_000716785.1_ASM71678v1_fai-gene-cluster-1|AYSD_002837	GCA_001013905.1_sleC34_fai-gene-cluster-1|BXKM_001034	GCA_001514035.1_ASM151403v1_fai-gene-cluster-1|AIRZ_007101	GCA_001660045.1_ASM166004v1_fai-gene-cluster-1|ADXD_006500	GCA_001742805.1_ASM174280v1_fai-gene-cluster-1|BGNP_000744	GCA_001746425.1_ASM174642v1_fai-gene-cluster-1|BRIK_005189	GCA_004364395.1_ASM436439v1_fai-gene-cluster-1|AQPH_002170	GCA_004794975.1_ASM479497v1_fai-gene-cluster-1|BEET_003727	GCA_011765705.1_ASM1176570v1_fai-gene-cluster-1|BKVG_005960			GCA_013364075.1_ASM1336407v1_fai-gene-cluster-1|ARAK_004891	GCA_014203355.1_ASM1420335v1_fai-gene-cluster-1|ALPJ_004913	GCA_014648855.1_ASM1464885v1_fai-gene-cluster-1|BSUN_005810	GCA_017308975.1_ASM1730897v1_fai-gene-cluster-1|BHHN_002091	GCA_017948485.1_ASM1794848v1_fai-gene-cluster-1|ASZH_000486	GCA_020884795.1_ASM2088479v1_fai-gene-cluster-1|BTXO_004081	GCA_020907265.1_ASM2090726v1_fai-gene-cluster-1|AGUK_002597	GCA_021056305.1_ASM2105630v1_fai-gene-cluster-1|ATST_002105	GCA_022696125.1_ASM2269612v1_fai-gene-cluster-1|BNTC_000197	GCA_024611995.1_ASM2461199v1_fai-gene-cluster-1|AFPQ_002514	GCA_900090265.1_IMG_taxon_2623620551_annotated_assembly_fai-gene-cluster-1|BMWF_000070	GCA_900105265.1_IMG_taxon_2675903008_annotated_assembly_fai-gene-cluster-1|AQFB_001997	GCA_900105945.1_IMG_taxon_2634166899_annotated_assembly_fai-gene-cluster-1|BJZM_009430
OG_18	GCA_000196835.1_ASM19683v1_fai-gene-cluster-1|AKBF_000624	GCA_000220945.1_ASM22094v1_fai-gene-cluster-1|BKXB_000625	GCA_000282715.1_ASM28271v1_fai-gene-cluster-1|BUPY_000631	GCA_000384275.1_ASM38427v1_fai-gene-cluster-1|AXGX_005042	GCA_000454025.1_ASM45402v1_fai-gene-cluster-1|BUZC_000632	GCA_000695625.1_ASM69562v1_fai-gene-cluster-1|ALMP_003656	GCA_000696405.1_ASM69640v1_fai-gene-cluster-1|BBCP_003201	GCA_000700945.1_ASM70094v1_fai-gene-cluster-1|BKWX_008072	GCA_000716785.1_ASM71678v1_fai-gene-cluster-1|AYSD_002838	GCA_001013905.1_sleC34_fai-gene-cluster-1|BXKM_001035	GCA_001514035.1_ASM151403v1_fai-gene-cluster-1|AIRZ_007102	GCA_001660045.1_ASM166004v1_fai-gene-cluster-1|ADXD_006499	GCA_001742805.1_ASM174280v1_fai-gene-cluster-1|BGNP_000743	GCA_001746425.1_ASM174642v1_fai-gene-cluster-1|BRIK_005188	GCA_004364395.1_ASM436439v1_fai-gene-cluster-1|AQPH_002171	GCA_004794975.1_ASM479497v1_fai-gene-cluster-1|BEET_003726	GCA_011765705.1_ASM1176570v1_fai-gene-cluster-1|BKVG_005957	GCA_011765725.1_ASM1176572v1_fai-gene-cluster-1|BCUI_005268	GCA_011765735.1_ASM1176573v1_fai-gene-cluster-1|ARCY_004555	GCA_013364075.1_ASM1336407v1_fai-gene-cluster-1|ARAK_004892	GCA_014203355.1_ASM1420335v1_fai-gene-cluster-1|ALPJ_004912	GCA_014648855.1_ASM1464885v1_fai-gene-cluster-1|BSUN_005809	GCA_017308975.1_ASM1730897v1_fai-gene-cluster-1|BHHN_002090	GCA_017948485.1_ASM1794848v1_fai-gene-cluster-1|ASZH_000487	GCA_020884795.1_ASM2088479v1_fai-gene-cluster-1|BTXO_004082	GCA_020907265.1_ASM2090726v1_fai-gene-cluster-1|AGUK_002596	GCA_021056305.1_ASM2105630v1_fai-gene-cluster-1|ATST_002104	GCA_022696125.1_ASM2269612v1_fai-gene-cluster-1|BNTC_000198	GCA_024611995.1_ASM2461199v1_fai-gene-cluster-1|AFPQ_002515	GCA_900090265.1_IMG_taxon_2623620551_annotated_assembly_fai-gene-cluster-1|BMWF_000069	GCA_900105265.1_IMG_taxon_2675903008_annotated_assembly_fai-gene-cluster-1|AQFB_001998	GCA_900105945.1_IMG_taxon_2634166899_annotated_assembly_fai-gene-cluster-1|BJZM_009429
OG_19	GCA_000196835.1_ASM19683v1_fai-gene-cluster-1|AKBF_000622	GCA_000220945.1_ASM22094v1_fai-gene-cluster-1|BKXB_000623	GCA_000282715.1_ASM28271v1_fai-gene-cluster-1|BUPY_000629	GCA_000384275.1_ASM38427v1_fai-gene-cluster-1|AXGX_005040	GCA_000454025.1_ASM45402v1_fai-gene-cluster-1|BUZC_000630	GCA_000695625.1_ASM69562v1_fai-gene-cluster-1|ALMP_003654	GCA_000696405.1_ASM69640v1_fai-gene-cluster-1|BBCP_003203	GCA_000700945.1_ASM70094v1_fai-gene-cluster-1|BKWX_008070	GCA_000716785.1_ASM71678v1_fai-gene-cluster-1|AYSD_002840	GCA_001013905.1_sleC34_fai-gene-cluster-1|BXKM_001036	GCA_001514035.1_ASM151403v1_fai-gene-cluster-1|AIRZ_007106	GCA_001660045.1_ASM166004v1_fai-gene-cluster-1|ADXD_006497	GCA_001742805.1_ASM174280v1_fai-gene-cluster-1|BGNP_000741	GCA_001746425.1_ASM174642v1_fai-gene-cluster-1|BRIK_005186	GCA_004364395.1_ASM436439v1_fai-gene-cluster-1|AQPH_002173	GCA_004794975.1_ASM479497v1_fai-gene-cluster-1|BEET_003724	GCA_011765705.1_ASM1176570v1_fai-gene-cluster-1|BKVG_005955	GCA_011765725.1_ASM1176572v1_fai-gene-cluster-1|BCUI_005270	GCA_011765735.1_ASM1176573v1_fai-gene-cluster-1|ARCY_004557	GCA_013364075.1_ASM1336407v1_fai-gene-cluster-1|ARAK_004894	GCA_014203355.1_ASM1420335v1_fai-gene-cluster-1|ALPJ_004910	GCA_014648855.1_ASM1464885v1_fai-gene-cluster-1|BSUN_005807	GCA_017308975.1_ASM1730897v1_fai-gene-cluster-1|BHHN_002088	GCA_017948485.1_ASM1794848v1_fai-gene-cluster-1|ASZH_000489	GCA_020884795.1_ASM2088479v1_fai-gene-cluster-1|BTXO_004084	GCA_020907265.1_ASM2090726v1_fai-gene-cluster-1|AGUK_002594	GCA_021056305.1_ASM2105630v1_fai-gene-cluster-1|ATST_002097	GCA_022696125.1_ASM2269612v1_fai-gene-cluster-1|BNTC_000203	GCA_024611995.1_ASM2461199v1_fai-gene-cluster-1|AFPQ_002517	GCA_900090265.1_IMG_taxon_2623620551_annotated_assembly_fai-gene-cluster-1|BMWF_000067		GCA_900105945.1_IMG_taxon_2634166899_annotated_assembly_fai-gene-cluster-1|BJZM_009427
OG_20	GCA_000196835.1_ASM19683v1_fai-gene-cluster-1|AKBF_000621	GCA_000220945.1_ASM22094v1_fai-gene-cluster-1|BKXB_000622	GCA_000282715.1_ASM28271v1_fai-gene-cluster-1|BUPY_000628	GCA_000384275.1_ASM38427v1_fai-gene-cluster-1|AXGX_005039	GCA_000454025.1_ASM45402v1_fai-gene-cluster-1|BUZC_000629	GCA_000695625.1_ASM69562v1_fai-gene-cluster-1|ALMP_003653	GCA_000696405.1_ASM69640v1_fai-gene-cluster-1|BBCP_003204	GCA_000700945.1_ASM70094v1_fai-gene-cluster-1|BKWX_008069	GCA_000716785.1_ASM71678v1_fai-gene-cluster-1|AYSD_002841	GCA_001013905.1_sleC34_fai-gene-cluster-1|BXKM_001037	GCA_001514035.1_ASM151403v1_fai-gene-cluster-1|AIRZ_007107	GCA_001660045.1_ASM166004v1_fai-gene-cluster-1|ADXD_006496	GCA_001742805.1_ASM174280v1_fai-gene-cluster-1|BGNP_000740	GCA_001746425.1_ASM174642v1_fai-gene-cluster-1|BRIK_005185	GCA_004364395.1_ASM436439v1_fai-gene-cluster-1|AQPH_002174	GCA_004794975.1_ASM479497v1_fai-gene-cluster-1|BEET_003723	GCA_011765705.1_ASM1176570v1_fai-gene-cluster-1|BKVG_005954	GCA_011765725.1_ASM1176572v1_fai-gene-cluster-1|BCUI_005271	GCA_011765735.1_ASM1176573v1_fai-gene-cluster-1|ARCY_004558	GCA_013364075.1_ASM1336407v1_fai-gene-cluster-1|ARAK_004895	GCA_014203355.1_ASM1420335v1_fai-gene-cluster-1|ALPJ_004909	GCA_014648855.1_ASM1464885v1_fai-gene-cluster-1|BSUN_005806	GCA_017308975.1_ASM1730897v1_fai-gene-cluster-1|BHHN_002087	GCA_017948485.1_ASM1794848v1_fai-gene-cluster-1|ASZH_000490	GCA_020884795.1_ASM2088479v1_fai-gene-cluster-1|BTXO_004085	GCA_020907265.1_ASM2090726v1_fai-gene-cluster-1|AGUK_002593	GCA_021056305.1_ASM2105630v1_fai-gene-cluster-1|ATST_002096	GCA_022696125.1_ASM2269612v1_fai-gene-cluster-1|BNTC_000204	GCA_024611995.1_ASM2461199v1_fai-gene-cluster-1|AFPQ_002518	GCA_900090265.1_IMG_taxon_2623620551_annotated_assembly_fai-gene-cluster-1|BMWF_000066		GCA_900105945.1_IMG_taxon_2634166899_annotated_assembly_fai-gene-cluster-1|BJZM_009426
OG_21	GCA_000196835.1_ASM19683v1_fai-gene-cluster-1|AKBF_000663	GCA_000220945.1_ASM22094v1_fai-gene-cluster-1|BKXB_000664	GCA_000282715.1_ASM28271v1_fai-gene-cluster-1|BUPY_000670	GCA_000384275.1_ASM38427v1_fai-gene-cluster-1|AXGX_005067	GCA_000454025.1_ASM45402v1_fai-gene-cluster-1|BUZC_000671	GCA_000695625.1_ASM69562v1_fai-gene-cluster-1|ALMP_003691	GCA_000696405.1_ASM69640v1_fai-gene-cluster-1|BBCP_003162	GCA_000700945.1_ASM70094v1_fai-gene-cluster-1|BKWX_008112	GCA_000716785.1_ASM71678v1_fai-gene-cluster-1|AYSD_002798	GCA_001013905.1_sleC34_fai-gene-cluster-1|BXKM_001012	GCA_001514035.1_ASM151403v1_fai-gene-cluster-1|AIRZ_007078	GCA_001660045.1_ASM166004v1_fai-gene-cluster-1|ADXD_006516	GCA_001742805.1_ASM174280v1_fai-gene-cluster-1|BGNP_000782	GCA_001746425.1_ASM174642v1_fai-gene-cluster-1|BRIK_005212	GCA_004364395.1_ASM436439v1_fai-gene-cluster-1|AQPH_002151	GCA_004794975.1_ASM479497v1_fai-gene-cluster-1|BEET_003746	GCA_011765705.1_ASM1176570v1_fai-gene-cluster-1|BKVG_005987	GCA_011765725.1_ASM1176572v1_fai-gene-cluster-1|BCUI_005243	GCA_011765735.1_ASM1176573v1_fai-gene-cluster-1|ARCY_004530	GCA_013364075.1_ASM1336407v1_fai-gene-cluster-1|ARAK_004850	GCA_014203355.1_ASM1420335v1_fai-gene-cluster-1|ALPJ_004947	GCA_014648855.1_ASM1464885v1_fai-gene-cluster-1|BSUN_005826		GCA_017948485.1_ASM1794848v1_fai-gene-cluster-1|ASZH_000466	GCA_020884795.1_ASM2088479v1_fai-gene-cluster-1|BTXO_004054, GCA_020884795.1_ASM2088479v1_fai-gene-cluster-1|BTXO_004064	GCA_020907265.1_ASM2090726v1_fai-gene-cluster-1|AGUK_002613	GCA_021056305.1_ASM2105630v1_fai-gene-cluster-1|ATST_002125	GCA_022696125.1_ASM2269612v1_fai-gene-cluster-1|BNTC_000178	GCA_024611995.1_ASM2461199v1_fai-gene-cluster-1|AFPQ_002494	GCA_900090265.1_IMG_taxon_2623620551_annotated_assembly_fai-gene-cluster-1|BMWF_000105	GCA_900105265.1_IMG_taxon_2675903008_annotated_assembly_fai-gene-cluster-1|AQFB_002000	GCA_900105945.1_IMG_taxon_2634166899_annotated_assembly_fai-gene-cluster-1|BJZM_009472
OG_22										GCA_001013905.1_sleC34_fai-gene-cluster-1|BXKM_001015					GCA_004364395.1_ASM436439v1_fai-gene-cluster-1|AQPH_002155												GCA_021056305.1_ASM2105630v1_fai-gene-cluster-1|ATST_002115					
OG_23	GCA_000196835.1_ASM19683v1_fai-gene-cluster-1|AKBF_000645, GCA_000196835.1_ASM19683v1_fai-gene-cluster-1|AKBF_000657	GCA_000220945.1_ASM22094v1_fai-gene-cluster-1|BKXB_000646, GCA_000220945.1_ASM22094v1_fai-gene-cluster-1|BKXB_000658	GCA_000282715.1_ASM28271v1_fai-gene-cluster-1|BUPY_000652, GCA_000282715.1_ASM28271v1_fai-gene-cluster-1|BUPY_000664	GCA_000384275.1_ASM38427v1_fai-gene-cluster-1|AXGX_005056	GCA_000454025.1_ASM45402v1_fai-gene-cluster-1|BUZC_000653, GCA_000454025.1_ASM45402v1_fai-gene-cluster-1|BUZC_000665	GCA_000695625.1_ASM69562v1_fai-gene-cluster-1|ALMP_003675, GCA_000695625.1_ASM69562v1_fai-gene-cluster-1|ALMP_003685	GCA_000696405.1_ASM69640v1_fai-gene-cluster-1|BBCP_003168, GCA_000696405.1_ASM69640v1_fai-gene-cluster-1|BBCP_003180	GCA_000700945.1_ASM70094v1_fai-gene-cluster-1|BKWX_008093, GCA_000700945.1_ASM70094v1_fai-gene-cluster-1|BKWX_008105	GCA_000716785.1_ASM71678v1_fai-gene-cluster-1|AYSD_002803, GCA_000716785.1_ASM71678v1_fai-gene-cluster-1|AYSD_002814	GCA_001013905.1_sleC34_fai-gene-cluster-1|BXKM_001016	GCA_001514035.1_ASM151403v1_fai-gene-cluster-1|AIRZ_007083		GCA_001742805.1_ASM174280v1_fai-gene-cluster-1|BGNP_000764, GCA_001742805.1_ASM174280v1_fai-gene-cluster-1|BGNP_000776		GCA_004364395.1_ASM436439v1_fai-gene-cluster-1|AQPH_002156		GCA_011765705.1_ASM1176570v1_fai-gene-cluster-1|BKVG_005975	GCA_011765725.1_ASM1176572v1_fai-gene-cluster-1|BCUI_005255	GCA_011765735.1_ASM1176573v1_fai-gene-cluster-1|ARCY_004541	GCA_013364075.1_ASM1336407v1_fai-gene-cluster-1|ARAK_004856, GCA_013364075.1_ASM1336407v1_fai-gene-cluster-1|ARAK_004868	GCA_014203355.1_ASM1420335v1_fai-gene-cluster-1|ALPJ_004935		GCA_017308975.1_ASM1730897v1_fai-gene-cluster-1|BHHN_002115		GCA_020884795.1_ASM2088479v1_fai-gene-cluster-1|BTXO_004055		GCA_021056305.1_ASM2105630v1_fai-gene-cluster-1|ATST_002114, GCA_021056305.1_ASM2105630v1_fai-gene-cluster-1|ATST_002121	GCA_022696125.1_ASM2269612v1_fai-gene-cluster-1|BNTC_000200	GCA_024611995.1_ASM2461199v1_fai-gene-cluster-1|AFPQ_002498	GCA_900090265.1_IMG_taxon_2623620551_annotated_assembly_fai-gene-cluster-1|BMWF_000092		GCA_900105945.1_IMG_taxon_2634166899_annotated_assembly_fai-gene-cluster-1|BJZM_009450, GCA_900105945.1_IMG_taxon_2634166899_annotated_assembly_fai-gene-cluster-1|BJZM_009462
OG_24	GCA_000196835.1_ASM19683v1_fai-gene-cluster-1|AKBF_000644	GCA_000220945.1_ASM22094v1_fai-gene-cluster-1|BKXB_000645	GCA_000282715.1_ASM28271v1_fai-gene-cluster-1|BUPY_000651		GCA_000454025.1_ASM45402v1_fai-gene-cluster-1|BUZC_000652	GCA_000695625.1_ASM69562v1_fai-gene-cluster-1|ALMP_003674	GCA_000696405.1_ASM69640v1_fai-gene-cluster-1|BBCP_003181	GCA_000700945.1_ASM70094v1_fai-gene-cluster-1|BKWX_008092	GCA_000716785.1_ASM71678v1_fai-gene-cluster-1|AYSD_002823	GCA_001013905.1_sleC34_fai-gene-cluster-1|BXKM_001017	GCA_001514035.1_ASM151403v1_fai-gene-cluster-1|AIRZ_007104		GCA_001742805.1_ASM174280v1_fai-gene-cluster-1|BGNP_000763		GCA_004364395.1_ASM436439v1_fai-gene-cluster-1|AQPH_002176					GCA_013364075.1_ASM1336407v1_fai-gene-cluster-1|ARAK_004869	GCA_014203355.1_ASM1420335v1_fai-gene-cluster-1|ALPJ_004929		GCA_017308975.1_ASM1730897v1_fai-gene-cluster-1|BHHN_002106							GCA_900090265.1_IMG_taxon_2623620551_annotated_assembly_fai-gene-cluster-1|BMWF_000088		GCA_900105945.1_IMG_taxon_2634166899_annotated_assembly_fai-gene-cluster-1|BJZM_009449
OG_25				GCA_000384275.1_ASM38427v1_fai-gene-cluster-1|AXGX_005058						GCA_001013905.1_sleC34_fai-gene-cluster-1|BXKM_001018	GCA_001514035.1_ASM151403v1_fai-gene-cluster-1|AIRZ_007081	GCA_001660045.1_ASM166004v1_fai-gene-cluster-1|ADXD_006514		GCA_001746425.1_ASM174642v1_fai-gene-cluster-1|BRIK_005209	GCA_004364395.1_ASM436439v1_fai-gene-cluster-1|AQPH_002175	GCA_004794975.1_ASM479497v1_fai-gene-cluster-1|BEET_003742	GCA_011765705.1_ASM1176570v1_fai-gene-cluster-1|BKVG_005977	GCA_011765725.1_ASM1176572v1_fai-gene-cluster-1|BCUI_005253	GCA_011765735.1_ASM1176573v1_fai-gene-cluster-1|ARCY_004539			GCA_014648855.1_ASM1464885v1_fai-gene-cluster-1|BSUN_005824		GCA_017948485.1_ASM1794848v1_fai-gene-cluster-1|ASZH_000471	GCA_020884795.1_ASM2088479v1_fai-gene-cluster-1|BTXO_004059	GCA_020907265.1_ASM2090726v1_fai-gene-cluster-1|AGUK_002611		GCA_022696125.1_ASM2269612v1_fai-gene-cluster-1|BNTC_000182		GCA_900090265.1_IMG_taxon_2623620551_annotated_assembly_fai-gene-cluster-1|BMWF_000094		
OG_26											GCA_001514035.1_ASM151403v1_fai-gene-cluster-1|AIRZ_007092	GCA_001660045.1_ASM166004v1_fai-gene-cluster-1|ADXD_006506		GCA_001746425.1_ASM174642v1_fai-gene-cluster-1|BRIK_005200		GCA_004794975.1_ASM479497v1_fai-gene-cluster-1|BEET_003733						GCA_014648855.1_ASM1464885v1_fai-gene-cluster-1|BSUN_005816		GCA_017948485.1_ASM1794848v1_fai-gene-cluster-1|ASZH_000480		GCA_020907265.1_ASM2090726v1_fai-gene-cluster-1|AGUK_002603		GCA_022696125.1_ASM2269612v1_fai-gene-cluster-1|BNTC_000191	GCA_024611995.1_ASM2461199v1_fai-gene-cluster-1|AFPQ_002508		GCA_900105265.1_IMG_taxon_2675903008_annotated_assembly_fai-gene-cluster-1|AQFB_001991	
OG_27											GCA_001514035.1_ASM151403v1_fai-gene-cluster-1|AIRZ_007103				GCA_004364395.1_ASM436439v1_fai-gene-cluster-1|AQPH_002172																	
OG_28											GCA_001514035.1_ASM151403v1_fai-gene-cluster-1|AIRZ_007105	GCA_001660045.1_ASM166004v1_fai-gene-cluster-1|ADXD_006498										GCA_014648855.1_ASM1464885v1_fai-gene-cluster-1|BSUN_005808		GCA_017948485.1_ASM1794848v1_fai-gene-cluster-1|ASZH_000488	GCA_020884795.1_ASM2088479v1_fai-gene-cluster-1|BTXO_004086	GCA_020907265.1_ASM2090726v1_fai-gene-cluster-1|AGUK_002595	GCA_021056305.1_ASM2105630v1_fai-gene-cluster-1|ATST_002098					
OG_29											GCA_001514035.1_ASM151403v1_fai-gene-cluster-1|AIRZ_007079													GCA_017948485.1_ASM1794848v1_fai-gene-cluster-1|ASZH_000469				GCA_022696125.1_ASM2269612v1_fai-gene-cluster-1|BNTC_000180	GCA_024611995.1_ASM2461199v1_fai-gene-cluster-1|AFPQ_002496		GCA_900105265.1_IMG_taxon_2675903008_annotated_assembly_fai-gene-cluster-1|AQFB_001981	
OG_30	GCA_000196835.1_ASM19683v1_fai-gene-cluster-1|AKBF_000656	GCA_000220945.1_ASM22094v1_fai-gene-cluster-1|BKXB_000657	GCA_000282715.1_ASM28271v1_fai-gene-cluster-1|BUPY_000663	GCA_000384275.1_ASM38427v1_fai-gene-cluster-1|AXGX_005066	GCA_000454025.1_ASM45402v1_fai-gene-cluster-1|BUZC_000664	GCA_000695625.1_ASM69562v1_fai-gene-cluster-1|ALMP_003684	GCA_000696405.1_ASM69640v1_fai-gene-cluster-1|BBCP_003169	GCA_000700945.1_ASM70094v1_fai-gene-cluster-1|BKWX_008104	GCA_000716785.1_ASM71678v1_fai-gene-cluster-1|AYSD_002804		GCA_001514035.1_ASM151403v1_fai-gene-cluster-1|AIRZ_007080		GCA_001742805.1_ASM174280v1_fai-gene-cluster-1|BGNP_000775	GCA_001746425.1_ASM174642v1_fai-gene-cluster-1|BRIK_005210	GCA_004364395.1_ASM436439v1_fai-gene-cluster-1|AQPH_002153	GCA_004794975.1_ASM479497v1_fai-gene-cluster-1|BEET_003743	GCA_011765705.1_ASM1176570v1_fai-gene-cluster-1|BKVG_005986	GCA_011765725.1_ASM1176572v1_fai-gene-cluster-1|BCUI_005244	GCA_011765735.1_ASM1176573v1_fai-gene-cluster-1|ARCY_004531	GCA_013364075.1_ASM1336407v1_fai-gene-cluster-1|ARAK_004857	GCA_014203355.1_ASM1420335v1_fai-gene-cluster-1|ALPJ_004945			GCA_017948485.1_ASM1794848v1_fai-gene-cluster-1|ASZH_000470	GCA_020884795.1_ASM2088479v1_fai-gene-cluster-1|BTXO_004056			GCA_022696125.1_ASM2269612v1_fai-gene-cluster-1|BNTC_000181	GCA_024611995.1_ASM2461199v1_fai-gene-cluster-1|AFPQ_002497	GCA_900090265.1_IMG_taxon_2623620551_annotated_assembly_fai-gene-cluster-1|BMWF_000103	GCA_900105265.1_IMG_taxon_2675903008_annotated_assembly_fai-gene-cluster-1|AQFB_001982	GCA_900105945.1_IMG_taxon_2634166899_annotated_assembly_fai-gene-cluster-1|BJZM_009461
OG_31											GCA_001514035.1_ASM151403v1_fai-gene-cluster-1|AIRZ_007082																GCA_021056305.1_ASM2105630v1_fai-gene-cluster-1|ATST_002116	GCA_022696125.1_ASM2269612v1_fai-gene-cluster-1|BNTC_000202				
OG_32												GCA_001660045.1_ASM166004v1_fai-gene-cluster-1|ADXD_006515		GCA_001746425.1_ASM174642v1_fai-gene-cluster-1|BRIK_005211	GCA_004364395.1_ASM436439v1_fai-gene-cluster-1|AQPH_002152	GCA_004794975.1_ASM479497v1_fai-gene-cluster-1|BEET_003745						GCA_014648855.1_ASM1464885v1_fai-gene-cluster-1|BSUN_005825		GCA_017948485.1_ASM1794848v1_fai-gene-cluster-1|ASZH_000468		GCA_020907265.1_ASM2090726v1_fai-gene-cluster-1|AGUK_002612		GCA_022696125.1_ASM2269612v1_fai-gene-cluster-1|BNTC_000179	GCA_024611995.1_ASM2461199v1_fai-gene-cluster-1|AFPQ_002495			
OG_33												GCA_001660045.1_ASM166004v1_fai-gene-cluster-1|ADXD_006518										GCA_014648855.1_ASM1464885v1_fai-gene-cluster-1|BSUN_005828				GCA_020907265.1_ASM2090726v1_fai-gene-cluster-1|AGUK_002615		GCA_022696125.1_ASM2269612v1_fai-gene-cluster-1|BNTC_000176				
OG_34												GCA_001660045.1_ASM166004v1_fai-gene-cluster-1|ADXD_006519										GCA_014648855.1_ASM1464885v1_fai-gene-cluster-1|BSUN_005829				GCA_020907265.1_ASM2090726v1_fai-gene-cluster-1|AGUK_002616		GCA_022696125.1_ASM2269612v1_fai-gene-cluster-1|BNTC_000175				
OG_35												GCA_001660045.1_ASM166004v1_fai-gene-cluster-1|ADXD_006520										GCA_014648855.1_ASM1464885v1_fai-gene-cluster-1|BSUN_005830				GCA_020907265.1_ASM2090726v1_fai-gene-cluster-1|AGUK_002617		GCA_022696125.1_ASM2269612v1_fai-gene-cluster-1|BNTC_000174				
OG_36	GCA_000196835.1_ASM19683v1_fai-gene-cluster-1|AKBF_000607	GCA_000220945.1_ASM22094v1_fai-gene-cluster-1|BKXB_000608	GCA_000282715.1_ASM28271v1_fai-gene-cluster-1|BUPY_000614		GCA_000454025.1_ASM45402v1_fai-gene-cluster-1|BUZC_000615	GCA_000695625.1_ASM69562v1_fai-gene-cluster-1|ALMP_003640	GCA_000696405.1_ASM69640v1_fai-gene-cluster-1|BBCP_003218	GCA_000700945.1_ASM70094v1_fai-gene-cluster-1|BKWX_008055	GCA_000716785.1_ASM71678v1_fai-gene-cluster-1|AYSD_002855				GCA_001742805.1_ASM174280v1_fai-gene-cluster-1|BGNP_000726							GCA_013364075.1_ASM1336407v1_fai-gene-cluster-1|ARAK_004908			GCA_017308975.1_ASM1730897v1_fai-gene-cluster-1|BHHN_002073									GCA_900105945.1_IMG_taxon_2634166899_annotated_assembly_fai-gene-cluster-1|BJZM_009407
OG_37	GCA_000196835.1_ASM19683v1_fai-gene-cluster-1|AKBF_000608	GCA_000220945.1_ASM22094v1_fai-gene-cluster-1|BKXB_000609	GCA_000282715.1_ASM28271v1_fai-gene-cluster-1|BUPY_000615		GCA_000454025.1_ASM45402v1_fai-gene-cluster-1|BUZC_000616	GCA_000695625.1_ASM69562v1_fai-gene-cluster-1|ALMP_003641	GCA_000696405.1_ASM69640v1_fai-gene-cluster-1|BBCP_003217	GCA_000700945.1_ASM70094v1_fai-gene-cluster-1|BKWX_008056	GCA_000716785.1_ASM71678v1_fai-gene-cluster-1|AYSD_002854				GCA_001742805.1_ASM174280v1_fai-gene-cluster-1|BGNP_000727							GCA_013364075.1_ASM1336407v1_fai-gene-cluster-1|ARAK_004907			GCA_017308975.1_ASM1730897v1_fai-gene-cluster-1|BHHN_002074									GCA_900105945.1_IMG_taxon_2634166899_annotated_assembly_fai-gene-cluster-1|BJZM_009408
OG_38	GCA_000196835.1_ASM19683v1_fai-gene-cluster-1|AKBF_000617	GCA_000220945.1_ASM22094v1_fai-gene-cluster-1|BKXB_000618	GCA_000282715.1_ASM28271v1_fai-gene-cluster-1|BUPY_000624		GCA_000454025.1_ASM45402v1_fai-gene-cluster-1|BUZC_000625	GCA_000695625.1_ASM69562v1_fai-gene-cluster-1|ALMP_003650	GCA_000696405.1_ASM69640v1_fai-gene-cluster-1|BBCP_003208	GCA_000700945.1_ASM70094v1_fai-gene-cluster-1|BKWX_008065	GCA_000716785.1_ASM71678v1_fai-gene-cluster-1|AYSD_002844				GCA_001742805.1_ASM174280v1_fai-gene-cluster-1|BGNP_000736							GCA_013364075.1_ASM1336407v1_fai-gene-cluster-1|ARAK_004898			GCA_017308975.1_ASM1730897v1_fai-gene-cluster-1|BHHN_002083									GCA_900105945.1_IMG_taxon_2634166899_annotated_assembly_fai-gene-cluster-1|BJZM_009417
OG_39	GCA_000196835.1_ASM19683v1_fai-gene-cluster-1|AKBF_000618	GCA_000220945.1_ASM22094v1_fai-gene-cluster-1|BKXB_000619	GCA_000282715.1_ASM28271v1_fai-gene-cluster-1|BUPY_000625		GCA_000454025.1_ASM45402v1_fai-gene-cluster-1|BUZC_000626	GCA_000695625.1_ASM69562v1_fai-gene-cluster-1|ALMP_003651	GCA_000696405.1_ASM69640v1_fai-gene-cluster-1|BBCP_003207	GCA_000700945.1_ASM70094v1_fai-gene-cluster-1|BKWX_008066	GCA_000716785.1_ASM71678v1_fai-gene-cluster-1|AYSD_002843				GCA_001742805.1_ASM174280v1_fai-gene-cluster-1|BGNP_000737							GCA_013364075.1_ASM1336407v1_fai-gene-cluster-1|ARAK_004897			GCA_017308975.1_ASM1730897v1_fai-gene-cluster-1|BHHN_002084									GCA_900105945.1_IMG_taxon_2634166899_annotated_assembly_fai-gene-cluster-1|BJZM_009418
OG_40	GCA_000196835.1_ASM19683v1_fai-gene-cluster-1|AKBF_000619	GCA_000220945.1_ASM22094v1_fai-gene-cluster-1|BKXB_000620	GCA_000282715.1_ASM28271v1_fai-gene-cluster-1|BUPY_000626		GCA_000454025.1_ASM45402v1_fai-gene-cluster-1|BUZC_000627	GCA_000695625.1_ASM69562v1_fai-gene-cluster-1|ALMP_003652	GCA_000696405.1_ASM69640v1_fai-gene-cluster-1|BBCP_003206	GCA_000700945.1_ASM70094v1_fai-gene-cluster-1|BKWX_008067	GCA_000716785.1_ASM71678v1_fai-gene-cluster-1|AYSD_002842				GCA_001742805.1_ASM174280v1_fai-gene-cluster-1|BGNP_000738							GCA_013364075.1_ASM1336407v1_fai-gene-cluster-1|ARAK_004896			GCA_017308975.1_ASM1730897v1_fai-gene-cluster-1|BHHN_002085									GCA_900105945.1_IMG_taxon_2634166899_annotated_assembly_fai-gene-cluster-1|BJZM_009419
OG_41	GCA_000196835.1_ASM19683v1_fai-gene-cluster-1|AKBF_000620	GCA_000220945.1_ASM22094v1_fai-gene-cluster-1|BKXB_000621	GCA_000282715.1_ASM28271v1_fai-gene-cluster-1|BUPY_000627		GCA_000454025.1_ASM45402v1_fai-gene-cluster-1|BUZC_000628		GCA_000696405.1_ASM69640v1_fai-gene-cluster-1|BBCP_003205	GCA_000700945.1_ASM70094v1_fai-gene-cluster-1|BKWX_008068					GCA_001742805.1_ASM174280v1_fai-gene-cluster-1|BGNP_000739										GCA_017308975.1_ASM1730897v1_fai-gene-cluster-1|BHHN_002086									GCA_900105945.1_IMG_taxon_2634166899_annotated_assembly_fai-gene-cluster-1|BJZM_009425
OG_42	GCA_000196835.1_ASM19683v1_fai-gene-cluster-1|AKBF_000623	GCA_000220945.1_ASM22094v1_fai-gene-cluster-1|BKXB_000624	GCA_000282715.1_ASM28271v1_fai-gene-cluster-1|BUPY_000630	GCA_000384275.1_ASM38427v1_fai-gene-cluster-1|AXGX_005041	GCA_000454025.1_ASM45402v1_fai-gene-cluster-1|BUZC_000631	GCA_000695625.1_ASM69562v1_fai-gene-cluster-1|ALMP_003655	GCA_000696405.1_ASM69640v1_fai-gene-cluster-1|BBCP_003202	GCA_000700945.1_ASM70094v1_fai-gene-cluster-1|BKWX_008071	GCA_000716785.1_ASM71678v1_fai-gene-cluster-1|AYSD_002839				GCA_001742805.1_ASM174280v1_fai-gene-cluster-1|BGNP_000742				GCA_011765705.1_ASM1176570v1_fai-gene-cluster-1|BKVG_005956	GCA_011765725.1_ASM1176572v1_fai-gene-cluster-1|BCUI_005269	GCA_011765735.1_ASM1176573v1_fai-gene-cluster-1|ARCY_004556	GCA_013364075.1_ASM1336407v1_fai-gene-cluster-1|ARAK_004893	GCA_014203355.1_ASM1420335v1_fai-gene-cluster-1|ALPJ_004911		GCA_017308975.1_ASM1730897v1_fai-gene-cluster-1|BHHN_002089		GCA_020884795.1_ASM2088479v1_fai-gene-cluster-1|BTXO_004083					GCA_900090265.1_IMG_taxon_2623620551_annotated_assembly_fai-gene-cluster-1|BMWF_000068		GCA_900105945.1_IMG_taxon_2634166899_annotated_assembly_fai-gene-cluster-1|BJZM_009428
OG_43	GCA_000196835.1_ASM19683v1_fai-gene-cluster-1|AKBF_000609	GCA_000220945.1_ASM22094v1_fai-gene-cluster-1|BKXB_000610	GCA_000282715.1_ASM28271v1_fai-gene-cluster-1|BUPY_000616		GCA_000454025.1_ASM45402v1_fai-gene-cluster-1|BUZC_000617	GCA_000695625.1_ASM69562v1_fai-gene-cluster-1|ALMP_003642	GCA_000696405.1_ASM69640v1_fai-gene-cluster-1|BBCP_003216	GCA_000700945.1_ASM70094v1_fai-gene-cluster-1|BKWX_008057	GCA_000716785.1_ASM71678v1_fai-gene-cluster-1|AYSD_002852				GCA_001742805.1_ASM174280v1_fai-gene-cluster-1|BGNP_000728							GCA_013364075.1_ASM1336407v1_fai-gene-cluster-1|ARAK_004906			GCA_017308975.1_ASM1730897v1_fai-gene-cluster-1|BHHN_002075									GCA_900105945.1_IMG_taxon_2634166899_annotated_assembly_fai-gene-cluster-1|BJZM_009409
OG_44	GCA_000196835.1_ASM19683v1_fai-gene-cluster-1|AKBF_000631	GCA_000220945.1_ASM22094v1_fai-gene-cluster-1|BKXB_000632	GCA_000282715.1_ASM28271v1_fai-gene-cluster-1|BUPY_000638		GCA_000454025.1_ASM45402v1_fai-gene-cluster-1|BUZC_000639	GCA_000695625.1_ASM69562v1_fai-gene-cluster-1|ALMP_003663	GCA_000696405.1_ASM69640v1_fai-gene-cluster-1|BBCP_003194	GCA_000700945.1_ASM70094v1_fai-gene-cluster-1|BKWX_008079	GCA_000716785.1_ASM71678v1_fai-gene-cluster-1|AYSD_002831				GCA_001742805.1_ASM174280v1_fai-gene-cluster-1|BGNP_000750							GCA_013364075.1_ASM1336407v1_fai-gene-cluster-1|ARAK_004882			GCA_017308975.1_ASM1730897v1_fai-gene-cluster-1|BHHN_002097									GCA_900105945.1_IMG_taxon_2634166899_annotated_assembly_fai-gene-cluster-1|BJZM_009437
OG_45	GCA_000196835.1_ASM19683v1_fai-gene-cluster-1|AKBF_000610	GCA_000220945.1_ASM22094v1_fai-gene-cluster-1|BKXB_000611	GCA_000282715.1_ASM28271v1_fai-gene-cluster-1|BUPY_000617		GCA_000454025.1_ASM45402v1_fai-gene-cluster-1|BUZC_000618	GCA_000695625.1_ASM69562v1_fai-gene-cluster-1|ALMP_003643	GCA_000696405.1_ASM69640v1_fai-gene-cluster-1|BBCP_003215	GCA_000700945.1_ASM70094v1_fai-gene-cluster-1|BKWX_008058	GCA_000716785.1_ASM71678v1_fai-gene-cluster-1|AYSD_002851				GCA_001742805.1_ASM174280v1_fai-gene-cluster-1|BGNP_000729							GCA_013364075.1_ASM1336407v1_fai-gene-cluster-1|ARAK_004905			GCA_017308975.1_ASM1730897v1_fai-gene-cluster-1|BHHN_002076									GCA_900105945.1_IMG_taxon_2634166899_annotated_assembly_fai-gene-cluster-1|BJZM_009410
OG_46	GCA_000196835.1_ASM19683v1_fai-gene-cluster-1|AKBF_000639	GCA_000220945.1_ASM22094v1_fai-gene-cluster-1|BKXB_000640	GCA_000282715.1_ASM28271v1_fai-gene-cluster-1|BUPY_000646		GCA_000454025.1_ASM45402v1_fai-gene-cluster-1|BUZC_000647	GCA_000695625.1_ASM69562v1_fai-gene-cluster-1|ALMP_003671	GCA_000696405.1_ASM69640v1_fai-gene-cluster-1|BBCP_003186	GCA_000700945.1_ASM70094v1_fai-gene-cluster-1|BKWX_008087					GCA_001742805.1_ASM174280v1_fai-gene-cluster-1|BGNP_000758							GCA_013364075.1_ASM1336407v1_fai-gene-cluster-1|ARAK_004874												GCA_900105945.1_IMG_taxon_2634166899_annotated_assembly_fai-gene-cluster-1|BJZM_009445
OG_47	GCA_000196835.1_ASM19683v1_fai-gene-cluster-1|AKBF_000640	GCA_000220945.1_ASM22094v1_fai-gene-cluster-1|BKXB_000641	GCA_000282715.1_ASM28271v1_fai-gene-cluster-1|BUPY_000647		GCA_000454025.1_ASM45402v1_fai-gene-cluster-1|BUZC_000648		GCA_000696405.1_ASM69640v1_fai-gene-cluster-1|BBCP_003185	GCA_000700945.1_ASM70094v1_fai-gene-cluster-1|BKWX_008088					GCA_001742805.1_ASM174280v1_fai-gene-cluster-1|BGNP_000759							GCA_013364075.1_ASM1336407v1_fai-gene-cluster-1|ARAK_004873												
OG_48	GCA_000196835.1_ASM19683v1_fai-gene-cluster-1|AKBF_000641	GCA_000220945.1_ASM22094v1_fai-gene-cluster-1|BKXB_000642	GCA_000282715.1_ASM28271v1_fai-gene-cluster-1|BUPY_000648		GCA_000454025.1_ASM45402v1_fai-gene-cluster-1|BUZC_000649	GCA_000695625.1_ASM69562v1_fai-gene-cluster-1|ALMP_003672	GCA_000696405.1_ASM69640v1_fai-gene-cluster-1|BBCP_003184	GCA_000700945.1_ASM70094v1_fai-gene-cluster-1|BKWX_008089					GCA_001742805.1_ASM174280v1_fai-gene-cluster-1|BGNP_000760							GCA_013364075.1_ASM1336407v1_fai-gene-cluster-1|ARAK_004872												GCA_900105945.1_IMG_taxon_2634166899_annotated_assembly_fai-gene-cluster-1|BJZM_009446
OG_49	GCA_000196835.1_ASM19683v1_fai-gene-cluster-1|AKBF_000642	GCA_000220945.1_ASM22094v1_fai-gene-cluster-1|BKXB_000643	GCA_000282715.1_ASM28271v1_fai-gene-cluster-1|BUPY_000649		GCA_000454025.1_ASM45402v1_fai-gene-cluster-1|BUZC_000650	GCA_000695625.1_ASM69562v1_fai-gene-cluster-1|ALMP_003673	GCA_000696405.1_ASM69640v1_fai-gene-cluster-1|BBCP_003183	GCA_000700945.1_ASM70094v1_fai-gene-cluster-1|BKWX_008090					GCA_001742805.1_ASM174280v1_fai-gene-cluster-1|BGNP_000761							GCA_013364075.1_ASM1336407v1_fai-gene-cluster-1|ARAK_004871												GCA_900105945.1_IMG_taxon_2634166899_annotated_assembly_fai-gene-cluster-1|BJZM_009447
OG_50	GCA_000196835.1_ASM19683v1_fai-gene-cluster-1|AKBF_000643	GCA_000220945.1_ASM22094v1_fai-gene-cluster-1|BKXB_000644	GCA_000282715.1_ASM28271v1_fai-gene-cluster-1|BUPY_000650		GCA_000454025.1_ASM45402v1_fai-gene-cluster-1|BUZC_000651		GCA_000696405.1_ASM69640v1_fai-gene-cluster-1|BBCP_003182	GCA_000700945.1_ASM70094v1_fai-gene-cluster-1|BKWX_008091					GCA_001742805.1_ASM174280v1_fai-gene-cluster-1|BGNP_000762							GCA_013364075.1_ASM1336407v1_fai-gene-cluster-1|ARAK_004870												GCA_900105945.1_IMG_taxon_2634166899_annotated_assembly_fai-gene-cluster-1|BJZM_009448
OG_51	GCA_000196835.1_ASM19683v1_fai-gene-cluster-1|AKBF_000646	GCA_000220945.1_ASM22094v1_fai-gene-cluster-1|BKXB_000647	GCA_000282715.1_ASM28271v1_fai-gene-cluster-1|BUPY_000653	GCA_000384275.1_ASM38427v1_fai-gene-cluster-1|AXGX_005061	GCA_000454025.1_ASM45402v1_fai-gene-cluster-1|BUZC_000654	GCA_000695625.1_ASM69562v1_fai-gene-cluster-1|ALMP_003676	GCA_000696405.1_ASM69640v1_fai-gene-cluster-1|BBCP_003179	GCA_000700945.1_ASM70094v1_fai-gene-cluster-1|BKWX_008094					GCA_001742805.1_ASM174280v1_fai-gene-cluster-1|BGNP_000765				GCA_011765705.1_ASM1176570v1_fai-gene-cluster-1|BKVG_005981	GCA_011765725.1_ASM1176572v1_fai-gene-cluster-1|BCUI_005249	GCA_011765735.1_ASM1176573v1_fai-gene-cluster-1|ARCY_004536	GCA_013364075.1_ASM1336407v1_fai-gene-cluster-1|ARAK_004867	GCA_014203355.1_ASM1420335v1_fai-gene-cluster-1|ALPJ_004937				GCA_020884795.1_ASM2088479v1_fai-gene-cluster-1|BTXO_004069					GCA_900090265.1_IMG_taxon_2623620551_annotated_assembly_fai-gene-cluster-1|BMWF_000095		GCA_900105945.1_IMG_taxon_2634166899_annotated_assembly_fai-gene-cluster-1|BJZM_009451
OG_52	GCA_000196835.1_ASM19683v1_fai-gene-cluster-1|AKBF_000611	GCA_000220945.1_ASM22094v1_fai-gene-cluster-1|BKXB_000612	GCA_000282715.1_ASM28271v1_fai-gene-cluster-1|BUPY_000618		GCA_000454025.1_ASM45402v1_fai-gene-cluster-1|BUZC_000619	GCA_000695625.1_ASM69562v1_fai-gene-cluster-1|ALMP_003644	GCA_000696405.1_ASM69640v1_fai-gene-cluster-1|BBCP_003214	GCA_000700945.1_ASM70094v1_fai-gene-cluster-1|BKWX_008059	GCA_000716785.1_ASM71678v1_fai-gene-cluster-1|AYSD_002850				GCA_001742805.1_ASM174280v1_fai-gene-cluster-1|BGNP_000730							GCA_013364075.1_ASM1336407v1_fai-gene-cluster-1|ARAK_004904			GCA_017308975.1_ASM1730897v1_fai-gene-cluster-1|BHHN_002077									GCA_900105945.1_IMG_taxon_2634166899_annotated_assembly_fai-gene-cluster-1|BJZM_009411
OG_53	GCA_000196835.1_ASM19683v1_fai-gene-cluster-1|AKBF_000647	GCA_000220945.1_ASM22094v1_fai-gene-cluster-1|BKXB_000648	GCA_000282715.1_ASM28271v1_fai-gene-cluster-1|BUPY_000654	GCA_000384275.1_ASM38427v1_fai-gene-cluster-1|AXGX_005060	GCA_000454025.1_ASM45402v1_fai-gene-cluster-1|BUZC_000655	GCA_000695625.1_ASM69562v1_fai-gene-cluster-1|ALMP_003677	GCA_000696405.1_ASM69640v1_fai-gene-cluster-1|BBCP_003178	GCA_000700945.1_ASM70094v1_fai-gene-cluster-1|BKWX_008095	GCA_000716785.1_ASM71678v1_fai-gene-cluster-1|AYSD_002817				GCA_001742805.1_ASM174280v1_fai-gene-cluster-1|BGNP_000766				GCA_011765705.1_ASM1176570v1_fai-gene-cluster-1|BKVG_005979	GCA_011765725.1_ASM1176572v1_fai-gene-cluster-1|BCUI_005250	GCA_011765735.1_ASM1176573v1_fai-gene-cluster-1|ARCY_004537	GCA_013364075.1_ASM1336407v1_fai-gene-cluster-1|ARAK_004866	GCA_014203355.1_ASM1420335v1_fai-gene-cluster-1|ALPJ_004938		GCA_017308975.1_ASM1730897v1_fai-gene-cluster-1|BHHN_002112		GCA_020884795.1_ASM2088479v1_fai-gene-cluster-1|BTXO_004068					GCA_900090265.1_IMG_taxon_2623620551_annotated_assembly_fai-gene-cluster-1|BMWF_000096		GCA_900105945.1_IMG_taxon_2634166899_annotated_assembly_fai-gene-cluster-1|BJZM_009452
OG_54	GCA_000196835.1_ASM19683v1_fai-gene-cluster-1|AKBF_000648	GCA_000220945.1_ASM22094v1_fai-gene-cluster-1|BKXB_000649	GCA_000282715.1_ASM28271v1_fai-gene-cluster-1|BUPY_000655		GCA_000454025.1_ASM45402v1_fai-gene-cluster-1|BUZC_000656	GCA_000695625.1_ASM69562v1_fai-gene-cluster-1|ALMP_003678	GCA_000696405.1_ASM69640v1_fai-gene-cluster-1|BBCP_003177	GCA_000700945.1_ASM70094v1_fai-gene-cluster-1|BKWX_008096					GCA_001742805.1_ASM174280v1_fai-gene-cluster-1|BGNP_000767							GCA_013364075.1_ASM1336407v1_fai-gene-cluster-1|ARAK_004865	GCA_014203355.1_ASM1420335v1_fai-gene-cluster-1|ALPJ_004939				GCA_020884795.1_ASM2088479v1_fai-gene-cluster-1|BTXO_004067					GCA_900090265.1_IMG_taxon_2623620551_annotated_assembly_fai-gene-cluster-1|BMWF_000098		GCA_900105945.1_IMG_taxon_2634166899_annotated_assembly_fai-gene-cluster-1|BJZM_009453
OG_55	GCA_000196835.1_ASM19683v1_fai-gene-cluster-1|AKBF_000649	GCA_000220945.1_ASM22094v1_fai-gene-cluster-1|BKXB_000650	GCA_000282715.1_ASM28271v1_fai-gene-cluster-1|BUPY_000656	GCA_000384275.1_ASM38427v1_fai-gene-cluster-1|AXGX_005062	GCA_000454025.1_ASM45402v1_fai-gene-cluster-1|BUZC_000657	GCA_000695625.1_ASM69562v1_fai-gene-cluster-1|ALMP_003679	GCA_000696405.1_ASM69640v1_fai-gene-cluster-1|BBCP_003176	GCA_000700945.1_ASM70094v1_fai-gene-cluster-1|BKWX_008097					GCA_001742805.1_ASM174280v1_fai-gene-cluster-1|BGNP_000768				GCA_011765705.1_ASM1176570v1_fai-gene-cluster-1|BKVG_005982	GCA_011765725.1_ASM1176572v1_fai-gene-cluster-1|BCUI_005248	GCA_011765735.1_ASM1176573v1_fai-gene-cluster-1|ARCY_004535	GCA_013364075.1_ASM1336407v1_fai-gene-cluster-1|ARAK_004864	GCA_014203355.1_ASM1420335v1_fai-gene-cluster-1|ALPJ_004940				GCA_020884795.1_ASM2088479v1_fai-gene-cluster-1|BTXO_004066					GCA_900090265.1_IMG_taxon_2623620551_annotated_assembly_fai-gene-cluster-1|BMWF_000099		GCA_900105945.1_IMG_taxon_2634166899_annotated_assembly_fai-gene-cluster-1|BJZM_009454
OG_56	GCA_000196835.1_ASM19683v1_fai-gene-cluster-1|AKBF_000650	GCA_000220945.1_ASM22094v1_fai-gene-cluster-1|BKXB_000651	GCA_000282715.1_ASM28271v1_fai-gene-cluster-1|BUPY_000657	GCA_000384275.1_ASM38427v1_fai-gene-cluster-1|AXGX_005063	GCA_000454025.1_ASM45402v1_fai-gene-cluster-1|BUZC_000658	GCA_000695625.1_ASM69562v1_fai-gene-cluster-1|ALMP_003680	GCA_000696405.1_ASM69640v1_fai-gene-cluster-1|BBCP_003175	GCA_000700945.1_ASM70094v1_fai-gene-cluster-1|BKWX_008098					GCA_001742805.1_ASM174280v1_fai-gene-cluster-1|BGNP_000769				GCA_011765705.1_ASM1176570v1_fai-gene-cluster-1|BKVG_005983	GCA_011765725.1_ASM1176572v1_fai-gene-cluster-1|BCUI_005247	GCA_011765735.1_ASM1176573v1_fai-gene-cluster-1|ARCY_004534	GCA_013364075.1_ASM1336407v1_fai-gene-cluster-1|ARAK_004863	GCA_014203355.1_ASM1420335v1_fai-gene-cluster-1|ALPJ_004941									GCA_900090265.1_IMG_taxon_2623620551_annotated_assembly_fai-gene-cluster-1|BMWF_000100		GCA_900105945.1_IMG_taxon_2634166899_annotated_assembly_fai-gene-cluster-1|BJZM_009455
OG_57	GCA_000196835.1_ASM19683v1_fai-gene-cluster-1|AKBF_000652	GCA_000220945.1_ASM22094v1_fai-gene-cluster-1|BKXB_000653	GCA_000282715.1_ASM28271v1_fai-gene-cluster-1|BUPY_000659		GCA_000454025.1_ASM45402v1_fai-gene-cluster-1|BUZC_000660		GCA_000696405.1_ASM69640v1_fai-gene-cluster-1|BBCP_003173	GCA_000700945.1_ASM70094v1_fai-gene-cluster-1|BKWX_008100					GCA_001742805.1_ASM174280v1_fai-gene-cluster-1|BGNP_000771							GCA_013364075.1_ASM1336407v1_fai-gene-cluster-1|ARAK_004861												GCA_900105945.1_IMG_taxon_2634166899_annotated_assembly_fai-gene-cluster-1|BJZM_009457
OG_58	GCA_000196835.1_ASM19683v1_fai-gene-cluster-1|AKBF_000653	GCA_000220945.1_ASM22094v1_fai-gene-cluster-1|BKXB_000654	GCA_000282715.1_ASM28271v1_fai-gene-cluster-1|BUPY_000660	GCA_000384275.1_ASM38427v1_fai-gene-cluster-1|AXGX_005064	GCA_000454025.1_ASM45402v1_fai-gene-cluster-1|BUZC_000661	GCA_000695625.1_ASM69562v1_fai-gene-cluster-1|ALMP_003681	GCA_000696405.1_ASM69640v1_fai-gene-cluster-1|BBCP_003172	GCA_000700945.1_ASM70094v1_fai-gene-cluster-1|BKWX_008101	GCA_000716785.1_ASM71678v1_fai-gene-cluster-1|AYSD_002816				GCA_001742805.1_ASM174280v1_fai-gene-cluster-1|BGNP_000772				GCA_011765705.1_ASM1176570v1_fai-gene-cluster-1|BKVG_005984	GCA_011765725.1_ASM1176572v1_fai-gene-cluster-1|BCUI_005246	GCA_011765735.1_ASM1176573v1_fai-gene-cluster-1|ARCY_004533	GCA_013364075.1_ASM1336407v1_fai-gene-cluster-1|ARAK_004860	GCA_014203355.1_ASM1420335v1_fai-gene-cluster-1|ALPJ_004942		GCA_017308975.1_ASM1730897v1_fai-gene-cluster-1|BHHN_002113		GCA_020884795.1_ASM2088479v1_fai-gene-cluster-1|BTXO_004058					GCA_900090265.1_IMG_taxon_2623620551_annotated_assembly_fai-gene-cluster-1|BMWF_000101		GCA_900105945.1_IMG_taxon_2634166899_annotated_assembly_fai-gene-cluster-1|BJZM_009458
OG_59	GCA_000196835.1_ASM19683v1_fai-gene-cluster-1|AKBF_000612	GCA_000220945.1_ASM22094v1_fai-gene-cluster-1|BKXB_000613	GCA_000282715.1_ASM28271v1_fai-gene-cluster-1|BUPY_000619		GCA_000454025.1_ASM45402v1_fai-gene-cluster-1|BUZC_000620	GCA_000695625.1_ASM69562v1_fai-gene-cluster-1|ALMP_003645	GCA_000696405.1_ASM69640v1_fai-gene-cluster-1|BBCP_003213	GCA_000700945.1_ASM70094v1_fai-gene-cluster-1|BKWX_008060	GCA_000716785.1_ASM71678v1_fai-gene-cluster-1|AYSD_002849				GCA_001742805.1_ASM174280v1_fai-gene-cluster-1|BGNP_000731							GCA_013364075.1_ASM1336407v1_fai-gene-cluster-1|ARAK_004903			GCA_017308975.1_ASM1730897v1_fai-gene-cluster-1|BHHN_002078									GCA_900105945.1_IMG_taxon_2634166899_annotated_assembly_fai-gene-cluster-1|BJZM_009412
OG_60	GCA_000196835.1_ASM19683v1_fai-gene-cluster-1|AKBF_000658	GCA_000220945.1_ASM22094v1_fai-gene-cluster-1|BKXB_000659	GCA_000282715.1_ASM28271v1_fai-gene-cluster-1|BUPY_000665	GCA_000384275.1_ASM38427v1_fai-gene-cluster-1|AXGX_005068	GCA_000454025.1_ASM45402v1_fai-gene-cluster-1|BUZC_000666	GCA_000695625.1_ASM69562v1_fai-gene-cluster-1|ALMP_003686	GCA_000696405.1_ASM69640v1_fai-gene-cluster-1|BBCP_003167	GCA_000700945.1_ASM70094v1_fai-gene-cluster-1|BKWX_008106					GCA_001742805.1_ASM174280v1_fai-gene-cluster-1|BGNP_000777				GCA_011765705.1_ASM1176570v1_fai-gene-cluster-1|BKVG_005988	GCA_011765725.1_ASM1176572v1_fai-gene-cluster-1|BCUI_005242	GCA_011765735.1_ASM1176573v1_fai-gene-cluster-1|ARCY_004529	GCA_013364075.1_ASM1336407v1_fai-gene-cluster-1|ARAK_004855	GCA_014203355.1_ASM1420335v1_fai-gene-cluster-1|ALPJ_004948				GCA_020884795.1_ASM2088479v1_fai-gene-cluster-1|BTXO_004063					GCA_900090265.1_IMG_taxon_2623620551_annotated_assembly_fai-gene-cluster-1|BMWF_000106		GCA_900105945.1_IMG_taxon_2634166899_annotated_assembly_fai-gene-cluster-1|BJZM_009463
OG_61	GCA_000196835.1_ASM19683v1_fai-gene-cluster-1|AKBF_000659	GCA_000220945.1_ASM22094v1_fai-gene-cluster-1|BKXB_000660	GCA_000282715.1_ASM28271v1_fai-gene-cluster-1|BUPY_000666	GCA_000384275.1_ASM38427v1_fai-gene-cluster-1|AXGX_005069	GCA_000454025.1_ASM45402v1_fai-gene-cluster-1|BUZC_000667	GCA_000695625.1_ASM69562v1_fai-gene-cluster-1|ALMP_003687	GCA_000696405.1_ASM69640v1_fai-gene-cluster-1|BBCP_003166	GCA_000700945.1_ASM70094v1_fai-gene-cluster-1|BKWX_008108	GCA_000716785.1_ASM71678v1_fai-gene-cluster-1|AYSD_002802				GCA_001742805.1_ASM174280v1_fai-gene-cluster-1|BGNP_000778				GCA_011765705.1_ASM1176570v1_fai-gene-cluster-1|BKVG_005990	GCA_011765725.1_ASM1176572v1_fai-gene-cluster-1|BCUI_005241	GCA_011765735.1_ASM1176573v1_fai-gene-cluster-1|ARCY_004528	GCA_013364075.1_ASM1336407v1_fai-gene-cluster-1|ARAK_004854	GCA_014203355.1_ASM1420335v1_fai-gene-cluster-1|ALPJ_004949				GCA_020884795.1_ASM2088479v1_fai-gene-cluster-1|BTXO_004062					GCA_900090265.1_IMG_taxon_2623620551_annotated_assembly_fai-gene-cluster-1|BMWF_000107		GCA_900105945.1_IMG_taxon_2634166899_annotated_assembly_fai-gene-cluster-1|BJZM_009464
OG_62	GCA_000196835.1_ASM19683v1_fai-gene-cluster-1|AKBF_000660	GCA_000220945.1_ASM22094v1_fai-gene-cluster-1|BKXB_000661	GCA_000282715.1_ASM28271v1_fai-gene-cluster-1|BUPY_000667	GCA_000384275.1_ASM38427v1_fai-gene-cluster-1|AXGX_005070	GCA_000454025.1_ASM45402v1_fai-gene-cluster-1|BUZC_000668	GCA_000695625.1_ASM69562v1_fai-gene-cluster-1|ALMP_003688	GCA_000696405.1_ASM69640v1_fai-gene-cluster-1|BBCP_003165	GCA_000700945.1_ASM70094v1_fai-gene-cluster-1|BKWX_008109	GCA_000716785.1_ASM71678v1_fai-gene-cluster-1|AYSD_002801				GCA_001742805.1_ASM174280v1_fai-gene-cluster-1|BGNP_000779				GCA_011765705.1_ASM1176570v1_fai-gene-cluster-1|BKVG_005991	GCA_011765725.1_ASM1176572v1_fai-gene-cluster-1|BCUI_005240	GCA_011765735.1_ASM1176573v1_fai-gene-cluster-1|ARCY_004527	GCA_013364075.1_ASM1336407v1_fai-gene-cluster-1|ARAK_004853	GCA_014203355.1_ASM1420335v1_fai-gene-cluster-1|ALPJ_004950				GCA_020884795.1_ASM2088479v1_fai-gene-cluster-1|BTXO_004061					GCA_900090265.1_IMG_taxon_2623620551_annotated_assembly_fai-gene-cluster-1|BMWF_000108		GCA_900105945.1_IMG_taxon_2634166899_annotated_assembly_fai-gene-cluster-1|BJZM_009465
OG_63	GCA_000196835.1_ASM19683v1_fai-gene-cluster-1|AKBF_000661	GCA_000220945.1_ASM22094v1_fai-gene-cluster-1|BKXB_000662	GCA_000282715.1_ASM28271v1_fai-gene-cluster-1|BUPY_000668	GCA_000384275.1_ASM38427v1_fai-gene-cluster-1|AXGX_005057	GCA_000454025.1_ASM45402v1_fai-gene-cluster-1|BUZC_000669	GCA_000695625.1_ASM69562v1_fai-gene-cluster-1|ALMP_003689	GCA_000696405.1_ASM69640v1_fai-gene-cluster-1|BBCP_003164	GCA_000700945.1_ASM70094v1_fai-gene-cluster-1|BKWX_008110	GCA_000716785.1_ASM71678v1_fai-gene-cluster-1|AYSD_002800				GCA_001742805.1_ASM174280v1_fai-gene-cluster-1|BGNP_000780				GCA_011765705.1_ASM1176570v1_fai-gene-cluster-1|BKVG_005976	GCA_011765725.1_ASM1176572v1_fai-gene-cluster-1|BCUI_005254	GCA_011765735.1_ASM1176573v1_fai-gene-cluster-1|ARCY_004540	GCA_013364075.1_ASM1336407v1_fai-gene-cluster-1|ARAK_004852	GCA_014203355.1_ASM1420335v1_fai-gene-cluster-1|ALPJ_004936, GCA_014203355.1_ASM1420335v1_fai-gene-cluster-1|ALPJ_004951				GCA_020884795.1_ASM2088479v1_fai-gene-cluster-1|BTXO_004060		GCA_021056305.1_ASM2105630v1_fai-gene-cluster-1|ATST_002123			GCA_900090265.1_IMG_taxon_2623620551_annotated_assembly_fai-gene-cluster-1|BMWF_000093		GCA_900105945.1_IMG_taxon_2634166899_annotated_assembly_fai-gene-cluster-1|BJZM_009470
OG_64	GCA_000196835.1_ASM19683v1_fai-gene-cluster-1|AKBF_000664	GCA_000220945.1_ASM22094v1_fai-gene-cluster-1|BKXB_000665	GCA_000282715.1_ASM28271v1_fai-gene-cluster-1|BUPY_000671		GCA_000454025.1_ASM45402v1_fai-gene-cluster-1|BUZC_000672	GCA_000695625.1_ASM69562v1_fai-gene-cluster-1|ALMP_003692	GCA_000696405.1_ASM69640v1_fai-gene-cluster-1|BBCP_003161	GCA_000700945.1_ASM70094v1_fai-gene-cluster-1|BKWX_008113	GCA_000716785.1_ASM71678v1_fai-gene-cluster-1|AYSD_002797				GCA_001742805.1_ASM174280v1_fai-gene-cluster-1|BGNP_000783							GCA_013364075.1_ASM1336407v1_fai-gene-cluster-1|ARAK_004849												GCA_900105945.1_IMG_taxon_2634166899_annotated_assembly_fai-gene-cluster-1|BJZM_009474
OG_65	GCA_000196835.1_ASM19683v1_fai-gene-cluster-1|AKBF_000665	GCA_000220945.1_ASM22094v1_fai-gene-cluster-1|BKXB_000666	GCA_000282715.1_ASM28271v1_fai-gene-cluster-1|BUPY_000672		GCA_000454025.1_ASM45402v1_fai-gene-cluster-1|BUZC_000673	GCA_000695625.1_ASM69562v1_fai-gene-cluster-1|ALMP_003693	GCA_000696405.1_ASM69640v1_fai-gene-cluster-1|BBCP_003160	GCA_000700945.1_ASM70094v1_fai-gene-cluster-1|BKWX_008114	GCA_000716785.1_ASM71678v1_fai-gene-cluster-1|AYSD_002796				GCA_001742805.1_ASM174280v1_fai-gene-cluster-1|BGNP_000784							GCA_013364075.1_ASM1336407v1_fai-gene-cluster-1|ARAK_004848												GCA_900105945.1_IMG_taxon_2634166899_annotated_assembly_fai-gene-cluster-1|BJZM_009475
OG_66	GCA_000196835.1_ASM19683v1_fai-gene-cluster-1|AKBF_000613	GCA_000220945.1_ASM22094v1_fai-gene-cluster-1|BKXB_000614	GCA_000282715.1_ASM28271v1_fai-gene-cluster-1|BUPY_000620		GCA_000454025.1_ASM45402v1_fai-gene-cluster-1|BUZC_000621	GCA_000695625.1_ASM69562v1_fai-gene-cluster-1|ALMP_003646	GCA_000696405.1_ASM69640v1_fai-gene-cluster-1|BBCP_003212	GCA_000700945.1_ASM70094v1_fai-gene-cluster-1|BKWX_008061	GCA_000716785.1_ASM71678v1_fai-gene-cluster-1|AYSD_002848				GCA_001742805.1_ASM174280v1_fai-gene-cluster-1|BGNP_000732							GCA_013364075.1_ASM1336407v1_fai-gene-cluster-1|ARAK_004902			GCA_017308975.1_ASM1730897v1_fai-gene-cluster-1|BHHN_002079									GCA_900105945.1_IMG_taxon_2634166899_annotated_assembly_fai-gene-cluster-1|BJZM_009413
OG_67	GCA_000196835.1_ASM19683v1_fai-gene-cluster-1|AKBF_000614	GCA_000220945.1_ASM22094v1_fai-gene-cluster-1|BKXB_000615	GCA_000282715.1_ASM28271v1_fai-gene-cluster-1|BUPY_000621		GCA_000454025.1_ASM45402v1_fai-gene-cluster-1|BUZC_000622	GCA_000695625.1_ASM69562v1_fai-gene-cluster-1|ALMP_003647	GCA_000696405.1_ASM69640v1_fai-gene-cluster-1|BBCP_003211	GCA_000700945.1_ASM70094v1_fai-gene-cluster-1|BKWX_008062	GCA_000716785.1_ASM71678v1_fai-gene-cluster-1|AYSD_002847				GCA_001742805.1_ASM174280v1_fai-gene-cluster-1|BGNP_000733							GCA_013364075.1_ASM1336407v1_fai-gene-cluster-1|ARAK_004901			GCA_017308975.1_ASM1730897v1_fai-gene-cluster-1|BHHN_002080									GCA_900105945.1_IMG_taxon_2634166899_annotated_assembly_fai-gene-cluster-1|BJZM_009414
OG_68	GCA_000196835.1_ASM19683v1_fai-gene-cluster-1|AKBF_000615	GCA_000220945.1_ASM22094v1_fai-gene-cluster-1|BKXB_000616	GCA_000282715.1_ASM28271v1_fai-gene-cluster-1|BUPY_000622		GCA_000454025.1_ASM45402v1_fai-gene-cluster-1|BUZC_000623	GCA_000695625.1_ASM69562v1_fai-gene-cluster-1|ALMP_003648	GCA_000696405.1_ASM69640v1_fai-gene-cluster-1|BBCP_003210	GCA_000700945.1_ASM70094v1_fai-gene-cluster-1|BKWX_008063	GCA_000716785.1_ASM71678v1_fai-gene-cluster-1|AYSD_002846				GCA_001742805.1_ASM174280v1_fai-gene-cluster-1|BGNP_000734							GCA_013364075.1_ASM1336407v1_fai-gene-cluster-1|ARAK_004900			GCA_017308975.1_ASM1730897v1_fai-gene-cluster-1|BHHN_002081									GCA_900105945.1_IMG_taxon_2634166899_annotated_assembly_fai-gene-cluster-1|BJZM_009415
OG_69	GCA_000196835.1_ASM19683v1_fai-gene-cluster-1|AKBF_000616	GCA_000220945.1_ASM22094v1_fai-gene-cluster-1|BKXB_000617	GCA_000282715.1_ASM28271v1_fai-gene-cluster-1|BUPY_000623		GCA_000454025.1_ASM45402v1_fai-gene-cluster-1|BUZC_000624	GCA_000695625.1_ASM69562v1_fai-gene-cluster-1|ALMP_003649	GCA_000696405.1_ASM69640v1_fai-gene-cluster-1|BBCP_003209	GCA_000700945.1_ASM70094v1_fai-gene-cluster-1|BKWX_008064	GCA_000716785.1_ASM71678v1_fai-gene-cluster-1|AYSD_002845				GCA_001742805.1_ASM174280v1_fai-gene-cluster-1|BGNP_000735							GCA_013364075.1_ASM1336407v1_fai-gene-cluster-1|ARAK_004899			GCA_017308975.1_ASM1730897v1_fai-gene-cluster-1|BHHN_002082									GCA_900105945.1_IMG_taxon_2634166899_annotated_assembly_fai-gene-cluster-1|BJZM_009416
OG_70														GCA_001746425.1_ASM174642v1_fai-gene-cluster-1|BRIK_005196			GCA_011765705.1_ASM1176570v1_fai-gene-cluster-1|BKVG_005964	GCA_011765725.1_ASM1176572v1_fai-gene-cluster-1|BCUI_005265	GCA_011765735.1_ASM1176573v1_fai-gene-cluster-1|ARCY_004551	GCA_013364075.1_ASM1336407v1_fai-gene-cluster-1|ARAK_004885												
OG_71														GCA_001746425.1_ASM174642v1_fai-gene-cluster-1|BRIK_005187		GCA_004794975.1_ASM479497v1_fai-gene-cluster-1|BEET_003725												GCA_022696125.1_ASM2269612v1_fai-gene-cluster-1|BNTC_000199	GCA_024611995.1_ASM2461199v1_fai-gene-cluster-1|AFPQ_002516		GCA_900105265.1_IMG_taxon_2675903008_annotated_assembly_fai-gene-cluster-1|AQFB_001999	
OG_72														GCA_001746425.1_ASM174642v1_fai-gene-cluster-1|BRIK_005214															GCA_024611995.1_ASM2461199v1_fai-gene-cluster-1|AFPQ_002492			
OG_73														GCA_001746425.1_ASM174642v1_fai-gene-cluster-1|BRIK_005190			GCA_011765705.1_ASM1176570v1_fai-gene-cluster-1|BKVG_005961			GCA_013364075.1_ASM1336407v1_fai-gene-cluster-1|ARAK_004890												
OG_74															GCA_004364395.1_ASM436439v1_fai-gene-cluster-1|AQPH_002149	GCA_004794975.1_ASM479497v1_fai-gene-cluster-1|BEET_003748																
OG_75															GCA_004364395.1_ASM436439v1_fai-gene-cluster-1|AQPH_002177														GCA_024611995.1_ASM2461199v1_fai-gene-cluster-1|AFPQ_002519			
OG_76															GCA_004364395.1_ASM436439v1_fai-gene-cluster-1|AQPH_002154												GCA_021056305.1_ASM2105630v1_fai-gene-cluster-1|ATST_002101	GCA_022696125.1_ASM2269612v1_fai-gene-cluster-1|BNTC_000201	GCA_024611995.1_ASM2461199v1_fai-gene-cluster-1|AFPQ_002499			
OG_77				GCA_000384275.1_ASM38427v1_fai-gene-cluster-1|AXGX_005049													GCA_011765705.1_ASM1176570v1_fai-gene-cluster-1|BKVG_005968	GCA_011765725.1_ASM1176572v1_fai-gene-cluster-1|BCUI_005262	GCA_011765735.1_ASM1176573v1_fai-gene-cluster-1|ARCY_004548		GCA_014203355.1_ASM1420335v1_fai-gene-cluster-1|ALPJ_004919				GCA_020884795.1_ASM2088479v1_fai-gene-cluster-1|BTXO_004075					GCA_900090265.1_IMG_taxon_2623620551_annotated_assembly_fai-gene-cluster-1|BMWF_000076		
OG_78				GCA_000384275.1_ASM38427v1_fai-gene-cluster-1|AXGX_005055													GCA_011765705.1_ASM1176570v1_fai-gene-cluster-1|BKVG_005974	GCA_011765725.1_ASM1176572v1_fai-gene-cluster-1|BCUI_005256	GCA_011765735.1_ASM1176573v1_fai-gene-cluster-1|ARCY_004542		GCA_014203355.1_ASM1420335v1_fai-gene-cluster-1|ALPJ_004934									GCA_900090265.1_IMG_taxon_2623620551_annotated_assembly_fai-gene-cluster-1|BMWF_000091		
OG_79								GCA_000700945.1_ASM70094v1_fai-gene-cluster-1|BKWX_008107									GCA_011765705.1_ASM1176570v1_fai-gene-cluster-1|BKVG_005989															
OG_80																	GCA_011765705.1_ASM1176570v1_fai-gene-cluster-1|BKVG_005958	GCA_011765725.1_ASM1176572v1_fai-gene-cluster-1|BCUI_005267	GCA_011765735.1_ASM1176573v1_fai-gene-cluster-1|ARCY_004554													
OG_81				GCA_000384275.1_ASM38427v1_fai-gene-cluster-1|AXGX_005073													GCA_011765705.1_ASM1176570v1_fai-gene-cluster-1|BKVG_005994	GCA_011765725.1_ASM1176572v1_fai-gene-cluster-1|BCUI_005237	GCA_011765735.1_ASM1176573v1_fai-gene-cluster-1|ARCY_004524													
OG_82																					GCA_014203355.1_ASM1420335v1_fai-gene-cluster-1|ALPJ_004927									GCA_900090265.1_IMG_taxon_2623620551_annotated_assembly_fai-gene-cluster-1|BMWF_000084		
OG_83																					GCA_014203355.1_ASM1420335v1_fai-gene-cluster-1|ALPJ_004928									GCA_900090265.1_IMG_taxon_2623620551_annotated_assembly_fai-gene-cluster-1|BMWF_000085		
OG_84									GCA_000716785.1_ASM71678v1_fai-gene-cluster-1|AYSD_002815												GCA_014203355.1_ASM1420335v1_fai-gene-cluster-1|ALPJ_004930		GCA_017308975.1_ASM1730897v1_fai-gene-cluster-1|BHHN_002114									
OG_85																					GCA_014203355.1_ASM1420335v1_fai-gene-cluster-1|ALPJ_004932									GCA_900090265.1_IMG_taxon_2623620551_annotated_assembly_fai-gene-cluster-1|BMWF_000090		
OG_86																					GCA_014203355.1_ASM1420335v1_fai-gene-cluster-1|ALPJ_004933									GCA_900090265.1_IMG_taxon_2623620551_annotated_assembly_fai-gene-cluster-1|BMWF_000086		
OG_87									GCA_000716785.1_ASM71678v1_fai-gene-cluster-1|AYSD_002834														GCA_017308975.1_ASM1730897v1_fai-gene-cluster-1|BHHN_002094									
OG_88									GCA_000716785.1_ASM71678v1_fai-gene-cluster-1|AYSD_002822														GCA_017308975.1_ASM1730897v1_fai-gene-cluster-1|BHHN_002107									
OG_89									GCA_000716785.1_ASM71678v1_fai-gene-cluster-1|AYSD_002821														GCA_017308975.1_ASM1730897v1_fai-gene-cluster-1|BHHN_002108									
OG_90									GCA_000716785.1_ASM71678v1_fai-gene-cluster-1|AYSD_002820														GCA_017308975.1_ASM1730897v1_fai-gene-cluster-1|BHHN_002109									
OG_91									GCA_000716785.1_ASM71678v1_fai-gene-cluster-1|AYSD_002819														GCA_017308975.1_ASM1730897v1_fai-gene-cluster-1|BHHN_002110									
OG_92									GCA_000716785.1_ASM71678v1_fai-gene-cluster-1|AYSD_002818														GCA_017308975.1_ASM1730897v1_fai-gene-cluster-1|BHHN_002111									
OG_93									GCA_000716785.1_ASM71678v1_fai-gene-cluster-1|AYSD_002813														GCA_017308975.1_ASM1730897v1_fai-gene-cluster-1|BHHN_002116									
OG_94									GCA_000716785.1_ASM71678v1_fai-gene-cluster-1|AYSD_002812														GCA_017308975.1_ASM1730897v1_fai-gene-cluster-1|BHHN_002117							GCA_900090265.1_IMG_taxon_2623620551_annotated_assembly_fai-gene-cluster-1|BMWF_000089		
OG_95									GCA_000716785.1_ASM71678v1_fai-gene-cluster-1|AYSD_002811														GCA_017308975.1_ASM1730897v1_fai-gene-cluster-1|BHHN_002118									
OG_96									GCA_000716785.1_ASM71678v1_fai-gene-cluster-1|AYSD_002810														GCA_017308975.1_ASM1730897v1_fai-gene-cluster-1|BHHN_002119									
OG_97										GCA_001013905.1_sleC34_fai-gene-cluster-1|BXKM_001009																						
OG_98										GCA_001013905.1_sleC34_fai-gene-cluster-1|BXKM_001011																						
OG_99										GCA_001013905.1_sleC34_fai-gene-cluster-1|BXKM_001038																						
OG_100										GCA_001013905.1_sleC34_fai-gene-cluster-1|BXKM_001013																						
OG_101										GCA_001013905.1_sleC34_fai-gene-cluster-1|BXKM_001014																						
OG_102											GCA_001514035.1_ASM151403v1_fai-gene-cluster-1|AIRZ_007076																					
OG_103											GCA_001514035.1_ASM151403v1_fai-gene-cluster-1|AIRZ_007094																					
OG_104											GCA_001514035.1_ASM151403v1_fai-gene-cluster-1|AIRZ_007097																					
OG_105											GCA_001514035.1_ASM151403v1_fai-gene-cluster-1|AIRZ_007099																					
OG_106											GCA_001514035.1_ASM151403v1_fai-gene-cluster-1|AIRZ_007108																					
OG_107														GCA_001746425.1_ASM174642v1_fai-gene-cluster-1|BRIK_005197																		
OG_108														GCA_001746425.1_ASM174642v1_fai-gene-cluster-1|BRIK_005198																		
OG_109														GCA_001746425.1_ASM174642v1_fai-gene-cluster-1|BRIK_005192																		
OG_110														GCA_001746425.1_ASM174642v1_fai-gene-cluster-1|BRIK_005193																		
OG_111														GCA_001746425.1_ASM174642v1_fai-gene-cluster-1|BRIK_005194																		
OG_112																GCA_004794975.1_ASM479497v1_fai-gene-cluster-1|BEET_003744																
OG_113																	GCA_011765705.1_ASM1176570v1_fai-gene-cluster-1|BKVG_005965															
OG_114																	GCA_011765705.1_ASM1176570v1_fai-gene-cluster-1|BKVG_005980															
OG_115																	GCA_011765705.1_ASM1176570v1_fai-gene-cluster-1|BKVG_005959															
OG_116																		GCA_011765725.1_ASM1176572v1_fai-gene-cluster-1|BCUI_005252														
OG_117																		GCA_011765725.1_ASM1176572v1_fai-gene-cluster-1|BCUI_005264														
OG_118																				GCA_013364075.1_ASM1336407v1_fai-gene-cluster-1|ARAK_004886												
OG_119																				GCA_013364075.1_ASM1336407v1_fai-gene-cluster-1|ARAK_004887												
OG_120																					GCA_014203355.1_ASM1420335v1_fai-gene-cluster-1|ALPJ_004908											
OG_121																					GCA_014203355.1_ASM1420335v1_fai-gene-cluster-1|ALPJ_004931											
OG_122																							GCA_017308975.1_ASM1730897v1_fai-gene-cluster-1|BHHN_002101									
OG_123																								GCA_017948485.1_ASM1794848v1_fai-gene-cluster-1|ASZH_000463								
OG_124																								GCA_017948485.1_ASM1794848v1_fai-gene-cluster-1|ASZH_000464								
OG_125																								GCA_017948485.1_ASM1794848v1_fai-gene-cluster-1|ASZH_000467								
OG_126																											GCA_021056305.1_ASM2105630v1_fai-gene-cluster-1|ATST_002095					
OG_127																											GCA_021056305.1_ASM2105630v1_fai-gene-cluster-1|ATST_002126					
OG_128																											GCA_021056305.1_ASM2105630v1_fai-gene-cluster-1|ATST_002099					
OG_129																											GCA_021056305.1_ASM2105630v1_fai-gene-cluster-1|ATST_002100					
OG_130																											GCA_021056305.1_ASM2105630v1_fai-gene-cluster-1|ATST_002102					
OG_131																														GCA_900090265.1_IMG_taxon_2623620551_annotated_assembly_fai-gene-cluster-1|BMWF_000087		
OG_132																														GCA_900090265.1_IMG_taxon_2623620551_annotated_assembly_fai-gene-cluster-1|BMWF_000109		
OG_133																															GCA_900105265.1_IMG_taxon_2675903008_annotated_assembly_fai-gene-cluster-1|AQFB_001979	
OG_134																																GCA_900105945.1_IMG_taxon_2634166899_annotated_assembly_fai-gene-cluster-1|BJZM_009420
OG_135																																GCA_900105945.1_IMG_taxon_2634166899_annotated_assembly_fai-gene-cluster-1|BJZM_009421
OG_136																																GCA_900105945.1_IMG_taxon_2634166899_annotated_assembly_fai-gene-cluster-1|BJZM_009422
OG_137																																GCA_900105945.1_IMG_taxon_2634166899_annotated_assembly_fai-gene-cluster-1|BJZM_009423
OG_138																																GCA_900105945.1_IMG_taxon_2634166899_annotated_assembly_fai-gene-cluster-1|BJZM_009424
OG_139																																GCA_900105945.1_IMG_taxon_2634166899_annotated_assembly_fai-gene-cluster-1|BJZM_009431
OG_140																																GCA_900105945.1_IMG_taxon_2634166899_annotated_assembly_fai-gene-cluster-1|BJZM_009466
OG_141																																GCA_900105945.1_IMG_taxon_2634166899_annotated_assembly_fai-gene-cluster-1|BJZM_009467
OG_142																																GCA_900105945.1_IMG_taxon_2634166899_annotated_assembly_fai-gene-cluster-1|BJZM_009468
OG_143																																GCA_900105945.1_IMG_taxon_2634166899_annotated_assembly_fai-gene-cluster-1|BJZM_009469
OG_144																																GCA_900105945.1_IMG_taxon_2634166899_annotated_assembly_fai-gene-cluster-1|BJZM_009473
OG_145						GCA_000695625.1_ASM69562v1_fai-gene-cluster-1|ALMP_003694																										
OG_146									GCA_000716785.1_ASM71678v1_fai-gene-cluster-1|AYSD_002807																							
OG_147									GCA_000716785.1_ASM71678v1_fai-gene-cluster-1|AYSD_002808																							
OG_148									GCA_000716785.1_ASM71678v1_fai-gene-cluster-1|AYSD_002809																							
OG_149									GCA_000716785.1_ASM71678v1_fai-gene-cluster-1|AYSD_002853																							
